brand_raw,raw_text,url,size_hint_inch,price_hint_eur,price_local,currency,price_eur,platform,country,scraped_at,asin,elkjop_sku,model_year,filter_year,source_brand,fx_rate_date
Samsung,"SAMSUNG TV Mini LED SAMSUNG TU55M80H (2026) 55"" (138 cm) 4K - Smart TV avec IA",https://www.boulanger.com/ref/1240040,55.0,569.0,,,,Boulanger,FR,2026-08-24T05:06:17Z,,,,,,
Samsung,"SAMSUNG TV Mini LED SAMSUNG TU65M80H (2026) 65"" (163 cm) 4K - Smart TV avec IA",https://www.boulanger.com/ref/1240090,65.0,749.0,,,,Boulanger,FR,2026-08-24T05:06:17Z,,,,,,
Samsung,"SAMSUNG TV OLED SAMSUNG TQ55S92H (2026) 55"" (138 cm) 4K - Expérience Gaming, Smart TV avec IA, anti-reflet",https://www.boulanger.com/ref/1240083,55.0,1599.0,,,,Boulanger,FR,2026-08-24T05:06:17Z,,,,,,
Samsung,"SAMSUNG TV OLED SAMSUNG TQ55S95H (2026) 55"" (138 cm) 4K - Smart TV avec IA, anti-reflet, boîtier déporté (câble invisible)",https://www.boulanger.com/ref/1240084,55.0,1999.0,,,,Boulanger,FR,2026-08-24T05:06:17Z,,,,,,
Samsung,"SAMSUNG TV LED SAMSUNG TU55U8005H (2026) 55"" (138 cm) 4K Ultra HD - Smart TV avec IA",https://www.boulanger.com/ref/1240038,55.0,499.0,,,,Boulanger,FR,2026-08-24T05:06:17Z,,,,,,
Samsung,SAMSUNG TV QLED SAMSUNG TQ65Q6FA 2025 - 65 pouces ( 164 cm ),https://www.boulanger.com/ref/1229521,65.0,599.99,,,,Boulanger,FR,2026-08-24T05:06:17Z,,,,,,
Samsung,"SAMSUNG TV Mini LED SAMSUNG TU75M80H (2026) 75"" (189 cm) 4K - Smart TV avec IA",https://www.boulanger.com/ref/1240067,75.0,1099.0,,,,Boulanger,FR,2026-08-24T05:06:17Z,,,,,,
TCL,TV TCL 55C69K PRO (140cm),https://www.boulanger.com/ref/1240585,55,749.0,,,,Boulanger,FR,2026-08-24T05:06:17Z,,,,,,
TCL,TV TCL SQD 65C79L 2026 - 65 pouces ( 164,https://www.boulanger.com/ref/1238877,65.0,749.0,,,,Boulanger,FR,2026-08-24T05:06:17Z,,,,,,
TCL,TV TCL SQD 65C89L 2026 - 65 pouces ( 164,https://www.boulanger.com/ref/1238872,65.0,749.0,,,,Boulanger,FR,2026-08-24T05:06:17Z,,,,,,
TCL,TV TCL SQD 55C89L 2026 - 55 pouces ( 139,https://www.boulanger.com/ref/1238873,55.0,749.0,,,,Boulanger,FR,2026-08-24T05:06:17Z,,,,,,
TCL,TV TCL SQD 75X11L 2026 - 75 pouces ( 189,https://www.boulanger.com/ref/1238818,75.0,749.0,,,,Boulanger,FR,2026-08-24T05:06:17Z,,,,,,
Samsung,"SAMSUNG TV Mini LED SAMSUNG TQ55QN74H (2026) 55"" (138 cm) 4K - Smart TV, NeoQLED (contrastes intenses)",https://www.boulanger.com/ref/1240062,55.0,749.0,,,,Boulanger,FR,2026-08-24T05:06:17Z,,,,,,
Samsung,"SAMSUNG TV OLED SAMSUNG TQ77S92H (2026) 77"" (195 cm) 4K - Expérience Gaming, Smart TV avec IA, anti-reflet",https://www.boulanger.com/ref/1240089,77.0,3099.0,,,,Boulanger,FR,2026-08-24T05:06:17Z,,,,,,
Samsung,"SAMSUNG TV Mini LED SAMSUNG The Frame Pro 65LS03FW (2025) 65"" (165 cm) 4K - Mode art (effet tableau), Smart TV, anti-reflet",https://www.boulanger.com/ref/1221233,65.0,1199.0,,,,Boulanger,FR,2026-08-24T05:06:17Z,,,,,,
Samsung,"SAMSUNG TV Mini LED SAMSUNG TU50M72H (2026) 50"" (125 cm) 4K - Smart TV avec IA",https://www.boulanger.com/ref/1240012,50.0,499.0,,,,Boulanger,FR,2026-08-24T05:06:17Z,,,,,,
Samsung,"SAMSUNG TV OLED SAMSUNG TQ65S95H (2026) 65"" (163 cm) 4K - Smart TV avec IA, anti-reflet, boîtier déporté (câble invisible)",https://www.boulanger.com/ref/1240061,65.0,2899.0,,,,Boulanger,FR,2026-08-24T05:06:17Z,,,,,,
LG,TV LG 65G6 2026 ( 164 cm ),https://www.boulanger.com/ref/1239936,65,2799.0,,,,Boulanger,FR,2026-08-24T05:06:17Z,,,,,,
LG,TV LG 43QNED71B 2026 (108cm),https://www.boulanger.com/ref/1239786,43,399.0,,,,Boulanger,FR,2026-08-24T05:06:17Z,,,,,,
LG,TV LG 48C6 2026 ( 121 cm ),https://www.boulanger.com/ref/1239830,48,1299.0,,,,Boulanger,FR,2026-08-24T05:06:17Z,,,,,,
LG,TV LG 50QNED86B 2026,https://www.boulanger.com/ref/1239790,,649.0,,,,Boulanger,FR,2026-08-24T05:06:17Z,,,,,,
LG,TV LG 55MRGB86B6 (139cm) 2026,https://www.boulanger.com/ref/1240876,55,999.0,,,,Boulanger,FR,2026-08-24T05:06:17Z,,,,,,
Samsung,"SAMSUNG TV LED SAMSUNG TU43U8005H (2026) 43"" (108 cm) 4K Ultra HD - Smart TV avec IA",https://www.boulanger.com/ref/1239971,43.0,399.0,,,,Boulanger,FR,2026-08-24T05:06:17Z,,,,,,
Samsung,"SAMSUNG TV QLED SAMSUNG TQ75Q7F5 (2025) 75"" (189 cm) 4K - Smart TV avec IA",https://www.boulanger.com/ref/1221583,75.0,769.99,,,,Boulanger,FR,2026-08-24T05:06:17Z,,,,,,
Samsung,"SAMSUNG TV QLED SAMSUNG The Frame TQ55LS03FA (2025) 55"" (138 cm) 4K Ultra HD - Mode art (effet tableau), anti-reflet",https://www.boulanger.com/ref/1221231,55.0,829.0,,,,Boulanger,FR,2026-08-24T05:06:17Z,,,,,,
Samsung,"SAMSUNG TV Mini LED SAMSUNG TU43M72H (2026) 43"" (108 cm) 4K - Smart TV",https://www.boulanger.com/ref/1239972,43.0,419.0,,,,Boulanger,FR,2026-08-24T05:06:17Z,,,,,,
Samsung,"SAMSUNG TV QLED SAMSUNG The Frame 50LS03FA (2025) 50"" (125 cm) 4K - Smart TV, anti-reflet",https://www.boulanger.com/ref/1221220,50.0,799.0,,,,Boulanger,FR,2026-08-24T05:06:17Z,,,,,,
Samsung,"SAMSUNG TV LED SAMSUNG TU32H5005FK (2025) 32"" (80 cm)",https://www.boulanger.com/ref/1221518,32.0,259.0,,,,Boulanger,FR,2026-08-24T05:06:17Z,,,,,,
Samsung,"SAMSUNG TV QLED SAMSUNG TQ32Q5FA (2026) 32"" (80 cm) 4K - Smart TV avec IA",https://www.boulanger.com/ref/1239890,32.0,379.0,,,,Boulanger,FR,2026-08-24T05:06:17Z,,,,,,
Samsung,"SAMSUNG TV Mini LED SAMSUNG TQ100QN80F (2025) 100"" (252 cm) 4K - 144 Hz",https://www.boulanger.com/ref/1222043,100.0,2299.0,,,,Boulanger,FR,2026-08-24T05:06:17Z,,,,,,
Samsung,"SAMSUNG TV QLED SAMSUNG The Frame Pro TQ85LS03HW (2026) 85"" (214 cm) 4K - Mode art (effet tableau), anti-reflet",https://www.boulanger.com/ref/1239988,85.0,4399.0,,,,Boulanger,FR,2026-08-24T05:06:17Z,,,,,,
Samsung,"SAMSUNG TV QLED SAMSUNG The Frame 43LS03HE (2026) 43"" (108 cm) 4K Ultra HD - Mode art (effet tableau), Smart TV, anti-reflet",https://www.boulanger.com/ref/1239974,43.0,799.0,,,,Boulanger,FR,2026-08-24T05:06:17Z,,,,,,
Samsung,"SAMSUNG TV OLED SAMSUNG TQ65S99H (2026) 65"" (163 cm) 4K - Smart TV avec IA, anti-reflet, mode art (effet tableau)",https://www.boulanger.com/ref/1240063,65.0,3299.0,,,,Boulanger,FR,2026-08-24T05:06:17Z,,,,,,
Samsung,"SAMSUNG TV QLED SAMSUNG The Frame TQ32LS03C (2023) 32"" (80 cm) - Mode art (effet tableau), Smart TV",https://www.boulanger.com/ref/1189153,32.0,419.0,,,,Boulanger,FR,2026-08-24T05:06:17Z,,,,,,
Samsung,"SAMSUNG TV QLED SAMSUNG The Frame Pro TQ55LS03HW (2026) 55"" (138 cm) 4K - Mode art (effet tableau), anti-reflet",https://www.boulanger.com/ref/1240081,55.0,1499.0,,,,Boulanger,FR,2026-08-24T05:06:17Z,,,,,,
Samsung,"SAMSUNG TV OLED SAMSUNG TQ65S92H (2026) 65"" (163 cm) 4K - Expérience Gaming, Smart TV avec IA, anti-reflet",https://www.boulanger.com/ref/1240039,65.0,2099.0,,,,Boulanger,FR,2026-08-24T05:06:17Z,,,,,,
Samsung,"SAMSUNG TV QLED SAMSUNG The Frame TQ55LS03HA (2026) 55"" (138 cm) 4K - Mode art (effet tableau), boîtier déporté, anti-reflet",https://www.boulanger.com/ref/1240069,55.0,1399.0,,,,Boulanger,FR,2026-08-24T05:06:17Z,,,,,,
Samsung,"SAMSUNG TV OLED SAMSUNG TQ48S92H (2026) 48"" (120 cm) 4K - Expérience Gaming, Smart TV avec IA, anti-reflet",https://www.boulanger.com/ref/1240034,48.0,1299.0,,,,Boulanger,FR,2026-08-24T05:06:17Z,,,,,,
Samsung,"SAMSUNG TV LED SAMSUNG TU27F6005 (2025) 27"" (68 cm)",https://www.boulanger.com/ref/1221942,27.0,239.0,,,,Boulanger,FR,2026-08-24T05:06:17Z,,,,,,
Samsung,"SAMSUNG TV LED SAMSUNG TU85U8005H (2026) 85"" (214 cm) 4K Ultra HD - Smart TV avec IA",https://www.boulanger.com/ref/1240026,85.0,1199.0,,,,Boulanger,FR,2026-08-24T05:06:17Z,,,,,,
Samsung,"SAMSUNG TV OLED SAMSUNG TQ42S90F (2025) 42"" (105 cm) 4K",https://www.boulanger.com/ref/1221617,42.0,799.0,,,,Boulanger,FR,2026-08-24T05:06:17Z,,,,,,
Samsung,"SAMSUNG TV Mini LED SAMSUNG The Frame Pro 75LS03FW (2025) 75"" (190 cm)",https://www.boulanger.com/ref/1221234,75.0,1799.0,,,,Boulanger,FR,2026-08-24T05:06:17Z,,,,,,
Samsung,"SAMSUNG TV Mini LED SAMSUNG TQ43QN74H (2026) 43"" (108 cm) 4K - Smart TV, NeoQLED (contrastes intenses)",https://www.boulanger.com/ref/1239973,43.0,599.0,,,,Boulanger,FR,2026-08-24T05:06:17Z,,,,,,
Samsung,"SAMSUNG TV QLED SAMSUNG The Frame 43LS03FA (2025) 43"" (108 cm)",https://www.boulanger.com/ref/1221215,43.0,749.0,,,,Boulanger,FR,2026-08-24T05:06:17Z,,,,,,
Samsung,"SAMSUNG TV Mini LED SAMSUNG TQ65QN900F (2025) 65"" (164 cm) 8K - Smart TV, anti-reflet",https://www.boulanger.com/ref/1221610,65.0,2990.0,,,,Boulanger,FR,2026-08-24T05:06:17Z,,,,,,
Samsung,"SAMSUNG TV LED SAMSUNG TU50U8005H (2026) 50"" (125 cm) 4K Ultra HD - Smart TV avec IA",https://www.boulanger.com/ref/1240011,50.0,479.0,,,,Boulanger,FR,2026-08-24T05:06:17Z,,,,,,
Samsung,"SAMSUNG TV LED SAMSUNG TU24F6005 (2025) 24"" (60 cm)",https://www.boulanger.com/ref/1221941,24.0,219.0,,,,Boulanger,FR,2026-08-24T05:06:17Z,,,,,,
Samsung,"SAMSUNG TV Mini LED SAMSUNG TQ50QN74H (2026) 50"" (125 cm) 4K - Smart TV, NeoQLED (contrastes intenses)",https://www.boulanger.com/ref/1240013,50.0,699.0,,,,Boulanger,FR,2026-08-24T05:06:17Z,,,,,,
Samsung,"SAMSUNG TV RGB SAMSUNG TMR75R85H (2026) 75"" (189 cm) 4K - Smart TV avec IA, Micro RGB (couleurs ultra-détaillées)",https://www.boulanger.com/ref/1240085,75.0,2299.0,,,,Boulanger,FR,2026-08-24T05:06:17Z,,,,,,
Samsung,"SAMSUNG TV LED SAMSUNG TU65U8005H (2026) 65"" (163 cm) 4K Ultra HD - Smart TV avec IA",https://www.boulanger.com/ref/1240088,65.0,629.0,,,,Boulanger,FR,2026-08-24T05:06:17Z,,,,,,
Samsung,"SAMSUNG TV OLED SAMSUNG TQ55S99H (2026) 55"" (138 cm) 4K - Smart TV avec IA, anti-reflet, mode art (effet tableau)",https://www.boulanger.com/ref/1240086,55.0,2399.0,,,,Boulanger,FR,2026-08-24T05:06:17Z,,,,,,
Samsung,"SAMSUNG TV Mini LED SAMSUNG TQ75QN77F (2025) 75"" (189 cm) 4K - 100Hz, NeoQLED (contrastes intenses)",https://www.boulanger.com/ref/1221550,75.0,899.0,,,,Boulanger,FR,2026-08-24T05:06:17Z,,,,,,
Samsung,"SAMSUNG TV LED SAMSUNG TU75U8005H (2026) 75"" (189 cm) 4K Ultra HD - Smart TV avec IA",https://www.boulanger.com/ref/1240065,75.0,879.0,,,,Boulanger,FR,2026-08-24T05:06:17Z,,,,,,
Samsung,"SAMSUNG TV Mini LED SAMSUNG TQ50QN80H (2026) 50"" (125 cm) 4K - Smart TV, NeoQLED (contrastes intenses et luminosité renforcée)",https://www.boulanger.com/ref/1240014,50.0,799.0,,,,Boulanger,FR,2026-08-24T05:06:17Z,,,,,,
Samsung,"SAMSUNG TV Mini LED SAMSUNG TQ85QN74H (2026) 85"" (214 cm) 4K - Smart TV, NeoQLED (contrastes intenses)",https://www.boulanger.com/ref/1240022,85.0,1599.0,,,,Boulanger,FR,2026-08-24T05:06:17Z,,,,,,
Samsung,"SAMSUNG TV Mini LED SAMSUNG TU85M80H (2026) 85"" (214 cm) 4K - Smart TV avec IA",https://www.boulanger.com/ref/1240025,85.0,1399.0,,,,Boulanger,FR,2026-08-24T05:06:17Z,,,,,,
Samsung,"SAMSUNG TV OLED SAMSUNG TQ42S92H (2026) 42"" (105 cm) 4K - Expérience Gaming, Smart TV avec IA, anti-reflet",https://www.boulanger.com/ref/1239980,42.0,1199.0,,,,Boulanger,FR,2026-08-24T05:06:17Z,,,,,,
Samsung,"SAMSUNG TV QLED SAMSUNG The Frame 65LS03FA (2025) 65"" (164 cm)",https://www.boulanger.com/ref/1221232,65.0,1190.0,,,,Boulanger,FR,2026-08-24T05:06:17Z,,,,,,
Samsung,"SAMSUNG TV Mini LED SAMSUNG TQ65QN74H (2026) 65"" (163 cm) 4K - Smart TV, NeoQLED (contrastes intenses)",https://www.boulanger.com/ref/1240091,65.0,899.0,,,,Boulanger,FR,2026-08-24T05:06:17Z,,,,,,
Samsung,SAMSUNG TV QLED SAMSUNG QE75Q60B 2022 Reconditionné,https://www.boulanger.com/ref/1241899?offer=19c2dd02-68b9-4064-8bd6-1e4115df85a1,,799.0,,,,Boulanger,FR,2026-08-24T05:06:17Z,,,,,,
Samsung,"SAMSUNG TV Mini LED SAMSUNG TQ55QN82H (2026) 55"" (138 cm) 4K - Smart TV, NeoQLED (contrastes intenses et luminosité renforcée)",https://www.boulanger.com/ref/1240066,55.0,999.0,,,,Boulanger,FR,2026-08-24T05:06:17Z,,,,,,
Samsung,SAMSUNG TV OLED SAMSUNG OLED QE55S95B Reconditionné,https://www.boulanger.com/ref/1236819?offer=41795ab3-238a-4a30-826b-ad77def2ff4d,,1199.0,,,,Boulanger,FR,2026-08-24T05:06:17Z,,,,,,
Samsung,"SAMSUNG TV RGB SAMSUNG TMR55R85H (2026) 55"" (138 cm) 4K - Smart TV avec IA, Micro RGB (couleurs ultra-détaillées)",https://www.boulanger.com/ref/1240070,55.0,1299.0,,,,Boulanger,FR,2026-08-24T05:06:17Z,,,,,,
Samsung,"SAMSUNG TV Mini LED SAMSUNG TQ65QN82H (2026) 65"" (163 cm) 4K - Smart TV, NeoQLED (contrastes intenses et luminosité renforcée)",https://www.boulanger.com/ref/1240094,65.0,1299.0,,,,Boulanger,FR,2026-08-24T05:06:17Z,,,,,,
Samsung,"SAMSUNG TV Mini LED SAMSUNG TQ75QN74H (2026) 75"" (189 cm) 4K - Smart TV, NeoQLED (contrastes intenses)",https://www.boulanger.com/ref/1240068,75.0,1299.0,,,,Boulanger,FR,2026-08-24T05:06:17Z,,,,,,
Samsung,SAMSUNG TV QLED SAMSUNG TQ85Q80D 4K UHD AI Smart TV,https://www.boulanger.com/ref/1204143,,1499.0,,,,Boulanger,FR,2026-08-24T05:06:17Z,,,,,,
Samsung,"SAMSUNG TV QLED SAMSUNG The Frame TQ65LS03HA (2026) 65"" (163 cm) 4K - Mode art (effet tableau), boîtier déporté, anti-reflet",https://www.boulanger.com/ref/1240033,65.0,1699.0,,,,Boulanger,FR,2026-08-24T05:06:17Z,,,,,,
Samsung,"SAMSUNG TV OLED SAMSUNG TQ48S95H (2026) 48"" (120 cm) 4K - Smart TV avec IA, anti-reflet",https://www.boulanger.com/ref/1240036,48.0,1699.0,,,,Boulanger,FR,2026-08-24T05:06:17Z,,,,,,
Samsung,"SAMSUNG TV Mini LED SAMSUNG TQ75QN82H (2026) 75"" (189 cm) 4K - Smart TV, NeoQLED (contrastes intenses et luminosité renforcée)",https://www.boulanger.com/ref/1240082,75.0,1799.0,,,,Boulanger,FR,2026-08-24T05:06:17Z,,,,,,
Samsung,"SAMSUNG TV QLED SAMSUNG TQ98Q7FA (2026) 98"" (249 cm) 4K - Smart TV",https://www.boulanger.com/ref/1234101,98.0,1799.0,,,,Boulanger,FR,2026-08-24T05:06:17Z,,,,,,
Samsung,"SAMSUNG TV RGB SAMSUNG TMR65R85H (2026) 65"" (163 cm) 4K - Smart TV avec IA, Micro RGB (couleurs ultra-détaillées)",https://www.boulanger.com/ref/1240035,65.0,1799.0,,,,Boulanger,FR,2026-08-24T05:06:17Z,,,,,,
Samsung,"SAMSUNG TV LED SAMSUNG 98U9005H (2026) 98"" (247 cm) 4K Ultra HD - Smart TV",https://www.boulanger.com/ref/1244312,98.0,1799.0,,,,Boulanger,FR,2026-08-24T05:06:17Z,,,,,,
Samsung,"SAMSUNG TV QLED SAMSUNG The Frame QE85LS03B (2022) 85"" (214 cm) Reconditionné",https://www.boulanger.com/ref/1241931?offer=69d63dc6-571c-44d7-9af9-b4bf1cdbf768,85.0,1899.0,,,,Boulanger,FR,2026-08-24T05:06:17Z,,,,,,
Samsung,"SAMSUNG TV QLED SAMSUNG The Frame Pro TQ65LS03HW (2026) 65"" (163 cm) 4K - Mode art (effet tableau), anti-reflet",https://www.boulanger.com/ref/1240037,65.0,1999.0,,,,Boulanger,FR,2026-08-24T05:06:17Z,,,,,,
Samsung,"SAMSUNG TV Mini LED SAMSUNG TQ85QN82H (2026) 85"" (214 cm) 4K - Smart TV, NeoQLED (contrastes intenses et luminosité renforcée)",https://www.boulanger.com/ref/1240024,85.0,2299.0,,,,Boulanger,FR,2026-08-24T05:06:17Z,,,,,,
Samsung,SAMSUNG TV QLED SAMSUNG Neo Qled QE85QN85B 2022 Reconditionné,https://www.boulanger.com/ref/1241915?offer=e2c2b5c5-95ba-4703-8896-31d20c302268,,2499.0,,,,Boulanger,FR,2026-08-24T05:06:17Z,,,,,,
Samsung,"SAMSUNG TV Mini LED SAMSUNG The Frame Pro 85LS03FW (2025) 85"" (216 cm)",https://www.boulanger.com/ref/1221235,85.0,2590.0,,,,Boulanger,FR,2026-08-24T05:06:17Z,,,,,,
Samsung,"SAMSUNG TV QLED SAMSUNG The Frame Pro 75LS03HW (2026) 75"" (189 cm) 4K - NeoQLED (contrastes intenses, luminosité renforcée)",https://www.boulanger.com/ref/1240087,75.0,2999.0,,,,Boulanger,FR,2026-08-24T05:06:17Z,,,,,,
Samsung,"SAMSUNG TV QLED SAMSUNG THE TERRACE TQ55LST7D (2025) 55"" (140 cm)",https://www.boulanger.com/ref/1221946,55.0,3399.0,,,,Boulanger,FR,2026-08-24T05:06:17Z,,,,,,
Samsung,"SAMSUNG TV RGB SAMSUNG TMR65R95H (2026) 65"" (163 cm) 4K - Smart TV IA, anti-reflet, Micro RGB (couleurs ultra-détaillées)",https://www.boulanger.com/ref/1240064,65.0,3499.0,,,,Boulanger,FR,2026-08-24T05:06:17Z,,,,,,
Samsung,"SAMSUNG TV OLED SAMSUNG TQ83S95F (2025) 83"" (209 cm) 4K - Smart TV, anti-reflet",https://www.boulanger.com/ref/1221658,83.0,3599.0,,,,Boulanger,FR,2026-08-24T05:06:17Z,,,,,,
Samsung,"SAMSUNG TV Mini LED SAMSUNG TQ85QN90F 4K AI (2025) 85"" (216 cm) - NeoQLED (contrastes intenses)",https://www.boulanger.com/ref/1221607,85.0,3990.0,,,,Boulanger,FR,2026-08-24T05:06:17Z,,,,,,
Samsung,"SAMSUNG TV RGB SAMSUNG TMR85R85H (2026) 85"" (214 cm) 4K - Smart TV avec IA, Micro RGB (couleurs ultra-détaillées)",https://www.boulanger.com/ref/1240023,85.0,3999.0,,,,Boulanger,FR,2026-08-24T05:06:17Z,,,,,,
Samsung,"SAMSUNG TV OLED SAMSUNG TQ77S95H (2026) 77"" (195 cm) 4K - Smart TV avec IA, anti-reflet, boîtier déporté (câble invisible)",https://www.boulanger.com/ref/1240093,77.0,4090.0,,,,Boulanger,FR,2026-08-24T05:06:17Z,,,,,,
Samsung,"SAMSUNG TV RGB SAMSUNG TMR75R95H (2026) 75"" (189 cm) 4K - Smart TV IA, anti-reflet, Micro RGB (couleurs ultra-détaillées)",https://www.boulanger.com/ref/1240027,75.0,4299.0,,,,Boulanger,FR,2026-08-24T05:06:17Z,,,,,,
Samsung,"SAMSUNG TV OLED SAMSUNG TQ83S92H (2026) 83"" (209 cm) 4K - Expérience Gaming, Smart TV avec IA, anti-reflet",https://www.boulanger.com/ref/1239989,83.0,4499.0,,,,Boulanger,FR,2026-08-24T05:06:17Z,,,,,,
Samsung,"SAMSUNG TV OLED SAMSUNG TQ77S99H (2026) 77"" (195 cm) 4K - Smart TV avec IA, anti-reflet, mode art (effet tableau)",https://www.boulanger.com/ref/1240096,77.0,4499.0,,,,Boulanger,FR,2026-08-24T05:06:17Z,,,,,,
Samsung,"SAMSUNG TV QLED SAMSUNG The Terrace TQ65LST7D (2025) 65"" (163 cm) 4k - Smart TV, anti-reflet",https://www.boulanger.com/ref/1221975,65.0,4799.0,,,,Boulanger,FR,2026-08-24T05:06:17Z,,,,,,
Samsung,"SAMSUNG TV OLED SAMSUNG TQ83S99H (2026) 83"" (209 cm) 4K - Smart TV avec IA, anti-reflet, mode art (effet tableau)",https://www.boulanger.com/ref/1239987,83.0,5199.0,,,,Boulanger,FR,2026-08-24T05:06:17Z,,,,,,
Samsung,"SAMSUNG TV Mini LED SAMSUNG TQ98QN90F (2025) 98"" (247 cm) - NeoQLED (contrastes intenses)",https://www.boulanger.com/ref/1221609,98.0,5999.0,,,,Boulanger,FR,2026-08-24T05:06:17Z,,,,,,
Samsung,SAMSUNG TV Mini LED SAMSUNG NeoQLED TQ85QN900F 8K AI 2025,https://www.boulanger.com/ref/1221612,,6099.0,,,,Boulanger,FR,2026-08-24T05:06:17Z,,,,,,
Samsung,"SAMSUNG TV RGB SAMSUNG TMR85R95H (2026) 85"" (214 cm) 4K - Smart TV IA, anti-reflet, Micro RGB (couleurs ultra-détaillées)",https://www.boulanger.com/ref/1239986,85.0,6199.0,,,,Boulanger,FR,2026-08-24T05:06:17Z,,,,,,
Samsung,"SAMSUNG TV Mini LED SAMSUNG TQ115QN90F (2025) 115"" (291 cm)",https://www.boulanger.com/ref/1228822,115.0,10000.0,,,,Boulanger,FR,2026-08-24T05:06:17Z,,,,,,
Samsung,"SAMSUNG TV LED SAMSUNG MNA76MS1C (2025) 76"" (193 cm) 4K - Smart TV, Gaming HUB",https://www.boulanger.com/ref/1221977,76.0,,,,,Boulanger,FR,2026-08-24T05:06:17Z,,,,,,
Samsung,"SAMSUNG TV LED SAMSUNG 43U7025F (2025) 43"" (108 cm) 4K Ultra HD",https://www.boulanger.com/ref/9000995336,43.0,289.99,,,,Boulanger,FR,2026-08-24T05:06:17Z,,,,,,
Samsung,SAMSUNG TV QLED SAMSUNG Qled Gamme Q6F,https://www.boulanger.com/ref/9000995335,,999.99,,,,Boulanger,FR,2026-08-24T05:06:17Z,,,,,,
Samsung,SAMSUNG TV QLED SAMSUNG TV Qled 50Hz 2025 Gamme Q7FA,https://www.boulanger.com/ref/9000947061,,599.99,,,,Boulanger,FR,2026-08-24T05:06:17Z,,,,,,
Samsung,SAMSUNG TV QLED SAMSUNG TV Qled Gamme Q6F,https://www.boulanger.com/ref/9000947062,,769.99,,,,Boulanger,FR,2026-08-24T05:06:17Z,,,,,,
Samsung,"SAMSUNG TV LED SAMSUNG Crystal UHD 75"" 189cm",https://www.boulanger.com/ref/9000988111,75.0,936.43,,,,Boulanger,FR,2026-08-24T05:06:17Z,,,,,,
Samsung,"SAMSUNG TV QLED SAMSUNG 75"" (189cm) Ultra HD 4K - Tizen Smart TV",https://www.boulanger.com/ref/9001058869,75.0,999.99,,,,Boulanger,FR,2026-08-24T05:06:17Z,,,,,,
Samsung,SAMSUNG TV LED SAMSUNG 85U7005F,https://www.boulanger.com/ref/1234667,,1081.05,,,,Boulanger,FR,2026-08-24T05:06:17Z,,,,,,
Samsung,SAMSUNG TV QLED SAMSUNG QE55Q700T 8K 2020 Reconditionné,https://www.boulanger.com/ref/1150202?offer=883cc7a5-ce23-440a-ad8d-dec9df37ccae,,1119.0,,,,Boulanger,FR,2026-08-24T05:06:17Z,,,,,,
Samsung,"SAMSUNG TV OLED SAMSUNG TQ55S90F (2025) 55"" (138 cm) 4K - 100Hz, Smart TV",https://www.boulanger.com/ref/1221677,55.0,878.99,,,,Boulanger,FR,2026-08-24T05:06:17Z,,,,,,
Samsung,SAMSUNG TV QLED SAMSUNG TQ55Q6FA 2025 - 55 pouces ( 138 cm ),https://www.boulanger.com/ref/1229497,55.0,429.98,,,,Boulanger,FR,2026-08-24T05:06:17Z,,,,,,
Samsung,"SAMSUNG TV OLED SAMSUNG TQ83S90F 4K AI Smart TV (2025) 83"" (211 cm)",https://www.boulanger.com/ref/1221619,83.0,2611.14,,,,Boulanger,FR,2026-08-24T05:06:17Z,,,,,,
Samsung,SAMSUNG TV QLED SAMSUNG TQ65Q60D 2024,https://www.boulanger.com/ref/1204078,,499.0,,,,Boulanger,FR,2026-08-24T05:06:17Z,,,,,,
Samsung,"SAMSUNG TV Mini LED SAMSUNG TQ65QN77F (2025) 65"" (163 cm) 4K - 100Hz, NeoQLED (contrastes intenses)",https://www.boulanger.com/ref/1221549,65.0,749.99,,,,Boulanger,FR,2026-08-24T05:06:17Z,,,,,,
Samsung,SAMSUNG TV OLED SAMSUNG TQ77S90F 4K AI Smart TV 2025,https://www.boulanger.com/ref/1221679,,1690.0,,,,Boulanger,FR,2026-08-24T05:06:17Z,,,,,,
Samsung,SAMSUNG TV LED SAMSUNG TU43U8005F 4K AI Smart TV 2025,https://www.boulanger.com/ref/1221519,,327.44,,,,Boulanger,FR,2026-08-24T05:06:17Z,,,,,,
Samsung,"SAMSUNG TV Mini LED SAMSUNG TQ55QN77F (2025) 55"" (138 cm) 4K - Smart TV avec IA, NeoQLED (contrastes intenses)",https://www.boulanger.com/ref/1221548,55.0,609.99,,,,Boulanger,FR,2026-08-24T05:06:17Z,,,,,,
Samsung,SAMSUNG TV QLED SAMSUNG TQ65QE1D 2024,https://www.boulanger.com/ref/1214151,,539.0,,,,Boulanger,FR,2026-08-24T05:06:17Z,,,,,,
Samsung,SAMSUNG TV LED SAMSUNG 43U7005F,https://www.boulanger.com/ref/1234658,,319.0,,,,Boulanger,FR,2026-08-24T05:06:17Z,,,,,,
Samsung,SAMSUNG TV LED SAMSUNG TU50U8005F 4K AI Smart TV 2025,https://www.boulanger.com/ref/1221520,,423.96,,,,Boulanger,FR,2026-08-24T05:06:17Z,,,,,,
Samsung,"SAMSUNG TV Mini LED SAMSUNG 50"" (126cm) Ultra HD 4K - One UI Tizen",https://www.boulanger.com/ref/9001058871,50.0,473.68,,,,Boulanger,FR,2026-08-24T05:06:17Z,,,,,,
Samsung,SAMSUNG TV LED SAMSUNG TU65U8005F 4K AI SmartTV 2025,https://www.boulanger.com/ref/1221572,,519.0,,,,Boulanger,FR,2026-08-24T05:06:17Z,,,,,,
Samsung,SAMSUNG TV QLED SAMSUNG TV Qled Gamme Q7F4,https://www.boulanger.com/ref/9000947059,,449.98,,,,Boulanger,FR,2026-08-24T05:06:17Z,,,,,,
Samsung,SAMSUNG TV LED SAMSUNG TU55DU7105 2024,https://www.boulanger.com/ref/1204147,,459.0,,,,Boulanger,FR,2026-08-24T05:06:17Z,,,,,,
Samsung,SAMSUNG TV LED SAMSUNG UE50AU7025,https://www.boulanger.com/ref/1183178,,469.56,,,,Boulanger,FR,2026-08-24T05:06:17Z,,,,,,
Samsung,SAMSUNG TV QLED SAMSUNG QE55Q82B 2022 Reconditionné,https://www.boulanger.com/ref/1176140?offer=771e4f93-0c9a-4ee2-afe9-f9a0939c467c,,493.27,,,,Boulanger,FR,2026-08-24T05:06:17Z,,,,,,
Samsung,SAMSUNG TV LED SAMSUNG UE75TU8005 2020 Reconditionné,https://www.boulanger.com/ref/1143005?offer=28b766e0-0aaa-44b3-8ef9-a586e74f3363,,510.37,,,,Boulanger,FR,2026-08-24T05:06:17Z,,,,,,
Samsung,SAMSUNG TV LED SAMSUNG TU55U8005F4K AI SmartTV 2025,https://www.boulanger.com/ref/1221571,,516.53,,,,Boulanger,FR,2026-08-24T05:06:17Z,,,,,,
Samsung,SAMSUNG TV LED SAMSUNG 55U7005F,https://www.boulanger.com/ref/1234660,,589.44,,,,Boulanger,FR,2026-08-24T05:06:17Z,,,,,,
Samsung,"SAMSUNG TV QLED SAMSUNG 65Q7F4 (2026) 65"" (165 cm)",https://www.boulanger.com/ref/9000947060,65.0,599.98,,,,Boulanger,FR,2026-08-24T05:06:17Z,,,,,,
Samsung,SAMSUNG TV Mini LED SAMSUNG NeoQLED TQ50QN80F 4K AI 2025,https://www.boulanger.com/ref/1221592,,633.93,,,,Boulanger,FR,2026-08-24T05:06:17Z,,,,,,
Samsung,SAMSUNG TV LED SAMSUNG 65U7005F,https://www.boulanger.com/ref/1234711,,639.39,,,,Boulanger,FR,2026-08-24T05:06:17Z,,,,,,
Samsung,SAMSUNG TV QLED SAMSUNG TQ75QEF1A 2025 - 75 pouces ( 189 cm ),https://www.boulanger.com/ref/1229541,75.0,699.0,,,,Boulanger,FR,2026-08-24T05:06:17Z,,,,,,
Samsung,SAMSUNG TV LED SAMSUNG 75U7005F,https://www.boulanger.com/ref/1234712,,699.0,,,,Boulanger,FR,2026-08-24T05:06:17Z,,,,,,
Samsung,SAMSUNG TV QLED SAMSUNG TQ75Q60D 2024,https://www.boulanger.com/ref/1204079,,719.0,,,,Boulanger,FR,2026-08-24T05:06:17Z,,,,,,
Samsung,SAMSUNG TV QLED SAMSUNG QE75Q60B 2022 Reconditionné,https://www.boulanger.com/ref/1176206?offer=0e82f6c8-2972-4c08-83be-f935260de9c4,,729.55,,,,Boulanger,FR,2026-08-24T05:06:17Z,,,,,,
Samsung,SAMSUNG TV LED SAMSUNG Crystal 4K UHD,https://www.boulanger.com/ref/9000995338,,745.53,,,,Boulanger,FR,2026-08-24T05:06:17Z,,,,,,
Samsung,SAMSUNG TV LED SAMSUNG TU75U8005F 4K AI SmartTV 2025,https://www.boulanger.com/ref/1221573,,869.11,,,,Boulanger,FR,2026-08-24T05:06:17Z,,,,,,
Samsung,"SAMSUNG TV Mini LED SAMSUNG 75"" (189cm) Ultra HD 4K - One UI Tizen",https://www.boulanger.com/ref/9001058872,75.0,929.47,,,,Boulanger,FR,2026-08-24T05:06:17Z,,,,,,
Samsung,Exclusivité internet  SAMSUNG TV QLED SAMSUNG The Serif TQ43LS01B Blanc,https://www.boulanger.com/ref/1189125,,933.08,,,,Boulanger,FR,2026-08-24T05:06:17Z,,,,,,
Samsung,SAMSUNG TV QLED SAMSUNG TQ55Q70C 2023,https://www.boulanger.com/ref/1191712,,952.57,,,,Boulanger,FR,2026-08-24T05:06:17Z,,,,,,
Samsung,"SAMSUNG TV Mini LED SAMSUNG TQ50QN90F (2025) 50"" (125 cm) 4K - 120Hz, NeoQLED (contrastes intenses)",https://www.boulanger.com/ref/1221604,50.0,983.06,,,,Boulanger,FR,2026-08-24T05:06:17Z,,,,,,
Samsung,Exclusivité internet  SAMSUNG TV OLED SAMSUNG TQ55S85FA-55 pouces (138cm),https://www.boulanger.com/ref/1222781,55.0,995.56,,,,Boulanger,FR,2026-08-24T05:06:17Z,,,,,,
Samsung,SAMSUNG TV QLED SAMSUNG QE65Q82B 2022 Reconditionné,https://www.boulanger.com/ref/1176204?offer=28a483ea-b5d3-4135-a783-1fdc36882369,,1049.0,,,,Boulanger,FR,2026-08-24T05:06:17Z,,,,,,
Samsung,SAMSUNG TV QLED SAMSUNG NeoQLED TQ75QN95C 2023 Reconditionné,https://www.boulanger.com/ref/1189099?offer=26ef64c1-bb24-49a1-8a2e-8f618d30db92,,1098.82,,,,Boulanger,FR,2026-08-24T05:06:17Z,,,,,,
Samsung,Exclusivité internet  SAMSUNG TV QLED SAMSUNG The Serif TQ43LS01B Bleu,https://www.boulanger.com/ref/1189126,,1166.41,,,,Boulanger,FR,2026-08-24T05:06:17Z,,,,,,
Samsung,SAMSUNG TV QLED SAMSUNG Neo Qled QE75QN85B 2022 Reconditionné,https://www.boulanger.com/ref/1176210?offer=f438f5bb-2535-45c6-a758-9d1c42befb43,,1260.37,,,,Boulanger,FR,2026-08-24T05:06:17Z,,,,,,
Samsung,SAMSUNG TV LED SAMSUNG TU85DU7105 2024,https://www.boulanger.com/ref/1204152,,1292.14,,,,Boulanger,FR,2026-08-24T05:06:17Z,,,,,,
Samsung,SAMSUNG TV Mini LED SAMSUNG NeoQLED TQ75QN90F 4K AI 2025 Reconditionné,https://www.boulanger.com/ref/1221606?offer=cdb2dd36-33c6-4c8f-90b1-ee6b3870b77b,,1359.0,,,,Boulanger,FR,2026-08-24T05:06:17Z,,,,,,
Samsung,"SAMSUNG TV Mini LED SAMSUNG 85"" (214cm) Ultra HD 4K - One UI Tizen",https://www.boulanger.com/ref/9001058870,85.0,1369.98,,,,Boulanger,FR,2026-08-24T05:06:17Z,,,,,,
Samsung,Exclusivité internet  SAMSUNG TV QLED SAMSUNG The Serif TQ55LS01B Bleu,https://www.boulanger.com/ref/1189130,,1376.89,,,,Boulanger,FR,2026-08-24T05:06:17Z,,,,,,
Samsung,SAMSUNG TV QLED SAMSUNG NeoQLED TQ50QN90C,https://www.boulanger.com/ref/1189034,,1407.77,,,,Boulanger,FR,2026-08-24T05:06:17Z,,,,,,
Samsung,SAMSUNG TV OLED SAMSUNG TQ65S92FA 2025 - 65 pouces ( 164 cm ),https://www.boulanger.com/ref/1229525,65.0,1434.4,,,,Boulanger,FR,2026-08-24T05:06:17Z,,,,,,
Samsung,SAMSUNG TV QLED SAMSUNG The Serif TQ50LS01B Bleu 2023,https://www.boulanger.com/ref/1189128,,1482.31,,,,Boulanger,FR,2026-08-24T05:06:17Z,,,,,,
Samsung,SAMSUNG TV OLED SAMSUNG TQ77S92D-77 pouces (194cm) Reconditionné,https://www.boulanger.com/ref/1207270?offer=ad8c9005-7e45-4b7c-bdc9-7a1238432036,77.0,1499.0,,,,Boulanger,FR,2026-08-24T05:06:17Z,,,,,,
Samsung,SAMSUNG TV QLED SAMSUNG The Sero TQ43LS05B,https://www.boulanger.com/ref/1190619,,1590.64,,,,Boulanger,FR,2026-08-24T05:06:17Z,,,,,,
Samsung,SAMSUNG TV Mini LED SAMSUNG NeoQLED TQ85QN80F 4K AI 2025,https://www.boulanger.com/ref/1221596,,1749.0,,,,Boulanger,FR,2026-08-24T05:06:17Z,,,,,,
Samsung,"SAMSUNG TV QLED SAMSUNG Neo QLED 4K 85"" (216cm) Tizen™ Smart TV",https://www.boulanger.com/ref/9001058873,85.0,2000.0,,,,Boulanger,FR,2026-08-24T05:06:17Z,,,,,,
Samsung,SAMSUNG TV OLED SAMSUNG TQ83S90D-83 pouces (209cm),https://www.boulanger.com/ref/1207301,83.0,2894.74,,,,Boulanger,FR,2026-08-24T05:06:17Z,,,,,,
Samsung,"SAMSUNG TV QLED SAMSUNG The Frame TQ85LS03B (2023) 85"" (214 cm)",https://www.boulanger.com/ref/1189159,85.0,4772.51,,,,Boulanger,FR,2026-08-24T05:06:17Z,,,,,,
Samsung,SAMSUNG TV Mini LED SAMSUNG NeoQLED TQ85QN990F 8K AI 2025,https://www.boulanger.com/ref/1221616,,5561.17,,,,Boulanger,FR,2026-08-24T05:06:17Z,,,,,,
Samsung,SAMSUNG TV QLED SAMSUNG QE98QN90A,https://www.boulanger.com/ref/1168994,,10605.69,,,,Boulanger,FR,2026-08-24T05:06:17Z,,,,,,
Samsung,"SAMSUNG TV OLED SAMSUNG TQ65S90F (2025) 65"" (165 cm) 4K - Smart TV",https://www.boulanger.com/ref/1221678,65.0,1349.0,,,,Boulanger,FR,2026-08-24T05:06:17Z,,,,,,
Samsung,"SAMSUNG TV Mini LED SAMSUNG TQ85QN70F 4K AI (2025) 85"" (216 cm) - NeoQLED (contrastes intenses)",https://www.boulanger.com/ref/1221591,85.0,1299.0,,,,Boulanger,FR,2026-08-24T05:06:17Z,,,,,,
Samsung,"SAMSUNG TV OLED SAMSUNG TQ55S95F (2025) 55"" (138 cm) 4K - Smart TV, anti-reflet",https://www.boulanger.com/ref/1221655,55.0,1490.0,,,,Boulanger,FR,2026-08-24T05:06:17Z,,,,,,
Samsung,"SAMSUNG TV QLED SAMSUNG TQ55Q7F5 (2025) 55"" (138 cm) 4K - Smart TV",https://www.boulanger.com/ref/1221577,55.0,479.0,,,,Boulanger,FR,2026-08-24T05:06:17Z,,,,,,
Samsung,"SAMSUNG TV QLED SAMSUNG TQ65Q7F5 (2025) 65"" (165 cm) 4K",https://www.boulanger.com/ref/1221676,65.0,599.0,,,,Boulanger,FR,2026-08-24T05:06:17Z,,,,,,
Samsung,"SAMSUNG TV OLED SAMSUNG TQ48S90F (2025) 48"" (120 cm) 4K - 100Hz, Smart TV",https://www.boulanger.com/ref/1221618,48.0,789.0,,,,Boulanger,FR,2026-08-24T05:06:17Z,,,,,,
Samsung,"SAMSUNG TV QLED SAMSUNG TQ43Q7F3 (2025) 43"" (108 cm) 4K - 50Hz, Smart TV",https://www.boulanger.com/ref/1221575,43.0,379.0,,,,Boulanger,FR,2026-08-24T05:06:17Z,,,,,,
Samsung,"SAMSUNG TV Mini LED SAMSUNG TQ43QN90F (2025) 43"" (109 cm) 4K - 120Hz, Smart TV, anti-reflet",https://www.boulanger.com/ref/1221603,43.0,799.0,,,,Boulanger,FR,2026-08-24T05:06:17Z,,,,,,
Samsung,"SAMSUNG TV QLED SAMSUNG The Terrace TQ75LST7D (2025) 75"" (189 cm) 4K - Smart TV, anti-reflet",https://www.boulanger.com/ref/1221976,75.0,5999.0,,,,Boulanger,FR,2026-08-24T05:06:17Z,,,,,,
Samsung,"SAMSUNG TV QLED SAMSUNG The Frame TQ65LS03D (2024) 65"" (163 cm) Reconditionné",https://www.boulanger.com/ref/1233755?offer=9aef6d3a-6223-4e91-a67c-170dbdcd3e22,65.0,1299.99,,,,Boulanger,FR,2026-08-24T05:06:17Z,,,,,,
Samsung,SAMSUNG TV QLED SAMSUNG TQ55Q60C Reconditionné,https://www.boulanger.com/ref/1241926?offer=1728b77f-5a59-4644-9b58-1d8910254e8e,,360.0,,,,Boulanger,FR,2026-08-24T05:06:17Z,,,,,,
Samsung,SAMSUNG TV QLED SAMSUNG QE50Q80B 2022 Reconditionné,https://www.boulanger.com/ref/1241900?offer=6f08da19-fa1e-4923-9ed8-764bf0f648b7,,429.0,,,,Boulanger,FR,2026-08-24T05:06:17Z,,,,,,
Samsung,"SAMSUNG TV QLED SAMSUNG The Frame QE55LS03T (2020) 55"" (138 cm) Reconditionné",https://www.boulanger.com/ref/1233619?offer=abd4fa8b-5a1b-4d7b-85f2-ef1f8427f285,55.0,499.0,,,,Boulanger,FR,2026-08-24T05:06:17Z,,,,,,
Samsung,"SAMSUNG TV QLED SAMSUNG The Frame QE43LS03B (2022) 43"" (108 cm) Reconditionné",https://www.boulanger.com/ref/1234231?offer=679216ab-b341-4db0-af39-0d6c9ba9248b,43.0,500.0,,,,Boulanger,FR,2026-08-24T05:06:17Z,,,,,,
Samsung,SAMSUNG TV QLED SAMSUNG QE55Q60B 2022 Reconditionné,https://www.boulanger.com/ref/1236835?offer=49b5b5a3-9792-42f2-b00b-13424770e542,,549.0,,,,Boulanger,FR,2026-08-24T05:06:17Z,,,,,,
Samsung,SAMSUNG TV QLED SAMSUNG Neo Qled QE55QN85B 2022 Reconditionné,https://www.boulanger.com/ref/1233623?offer=d07ef0be-71e3-4e91-b0ed-f326265a248d,,599.0,,,,Boulanger,FR,2026-08-24T05:06:17Z,,,,,,
Samsung,SAMSUNG TV QLED SAMSUNG Neo Qled QE50QN90B 2022 Reconditionné,https://www.boulanger.com/ref/1236824?offer=5c530514-5b38-4b33-a339-93ead1241dd5,,599.0,,,,Boulanger,FR,2026-08-24T05:06:17Z,,,,,,
Samsung,SAMSUNG TV QLED SAMSUNG Neo QLED QE50QN90A 2021 Reconditionné,https://www.boulanger.com/ref/1236851?offer=1f4b4017-0504-45a4-961f-97f5c5166578,,599.0,,,,Boulanger,FR,2026-08-24T05:06:17Z,,,,,,
Samsung,SAMSUNG TV QLED SAMSUNG QE65Q95T Reconditionné,https://www.boulanger.com/ref/1235963?offer=ecc8f3ee-e0a7-4abd-ad21-d5909f1e1802,,600.0,,,,Boulanger,FR,2026-08-24T05:06:17Z,,,,,,
Samsung,"SAMSUNG TV QLED SAMSUNG The Frame QE50LS03B (2022) 50"" (125 cm) Reconditionné",https://www.boulanger.com/ref/1235993?offer=a3adfd1f-55de-454c-9c64-80cbfc9047cc,50.0,649.0,,,,Boulanger,FR,2026-08-24T05:06:17Z,,,,,,
Samsung,SAMSUNG TV QLED SAMSUNG NeoQLED TQ55QN86C Reconditionné,https://www.boulanger.com/ref/1235973?offer=57a2dd36-1b2b-45f1-af4b-506ab88ccb68,,699.0,,,,Boulanger,FR,2026-08-24T05:06:17Z,,,,,,
Samsung,SAMSUNG TV QLED SAMSUNG Neo Qled QE65QN85B 2022 Reconditionné,https://www.boulanger.com/ref/1231845?offer=6bd21571-b617-4762-a12c-6422317337e0,,749.0,,,,Boulanger,FR,2026-08-24T05:06:17Z,,,,,,
Samsung,SAMSUNG TV QLED SAMSUNG QE65Q82B 2022 Reconditionné,https://www.boulanger.com/ref/1238742?offer=40bed9c3-13c2-4f90-937f-b62d6cfd2c2c,,750.0,,,,Boulanger,FR,2026-08-24T05:06:17Z,,,,,,
Samsung,SAMSUNG TV QLED SAMSUNG NeoQLED TQ43QN90C Reconditionné,https://www.boulanger.com/ref/1243556?offer=0e378da1-5d3e-42ac-beaa-23ef23cb7ed4,,799.0,,,,Boulanger,FR,2026-08-24T05:06:17Z,,,,,,
Samsung,SAMSUNG TV QLED SAMSUNG NeoQLED QE65QN95B Reconditionné,https://www.boulanger.com/ref/1232223?offer=0a7c241c-7960-4224-a96f-078cd8b29ee4,,799.0,,,,Boulanger,FR,2026-08-24T05:06:17Z,,,,,,
Samsung,SAMSUNG TV QLED SAMSUNG TQ75Q80C Reconditionné,https://www.boulanger.com/ref/1241941?offer=b5edd669-811f-4c0f-a8a6-480cd27f6d23,,900.0,,,,Boulanger,FR,2026-08-24T05:06:17Z,,,,,,
Samsung,SAMSUNG TV QLED SAMSUNG Neo Qled QE75QN85B 2022 Reconditionné,https://www.boulanger.com/ref/1241913?offer=6dc87d3d-44fa-4dfd-8b80-793bd3474f11,,999.0,,,,Boulanger,FR,2026-08-24T05:06:17Z,,,,,,
Samsung,SAMSUNG TV OLED SAMSUNG TQ65S92FA 2025 - 65 pouces ( 164 cm ) Reconditionné,https://www.boulanger.com/ref/1243530?offer=24ec5e30-a5bf-45dd-a3a4-341037092257,65.0,999.0,,,,Boulanger,FR,2026-08-24T05:06:17Z,,,,,,
Samsung,"SAMSUNG TV QLED SAMSUNG The Frame QE65LS03B (2022) 65"" (163 cm) Reconditionné",https://www.boulanger.com/ref/1235955?offer=74629d46-fc4b-46ec-98a2-9da810cc4470,65.0,1099.0,,,,Boulanger,FR,2026-08-24T05:06:17Z,,,,,,
Samsung,SAMSUNG TV OLED SAMSUNG QE65S95B 2022 Reconditionné,https://www.boulanger.com/ref/1232242?offer=5f11d1cc-ca5e-42d1-9795-64403cb55ccb,,1199.0,,,,Boulanger,FR,2026-08-24T05:06:17Z,,,,,,
Samsung,SAMSUNG TV OLED SAMSUNG TQ65S95D AI TV Reconditionné,https://www.boulanger.com/ref/1234189?offer=3fd0df05-9363-47fc-a210-45506d4d995c,,1499.0,,,,Boulanger,FR,2026-08-24T05:06:17Z,,,,,,
Samsung,"SAMSUNG TV OLED SAMSUNG TQ77S95F (2025) 77"" (195 cm) 4K - Smart TV, anti-reflet Reconditionné",https://www.boulanger.com/ref/1243571?offer=78ac13cf-d68f-4420-af11-d5ca3e99d3af,77.0,1579.0,,,,Boulanger,FR,2026-08-24T05:06:17Z,,,,,,
Samsung,SAMSUNG TV QLED SAMSUNG NeoQLED QE65QN800B Reconditionné,https://www.boulanger.com/ref/1241932?offer=8c777087-8695-4a26-b812-64b204f02336,,1699.0,,,,Boulanger,FR,2026-08-24T05:06:17Z,,,,,,
Samsung,SAMSUNG TV QLED SAMSUNG NeoQLED TQ65QN900C Reconditionné,https://www.boulanger.com/ref/1238743?offer=d77921f8-8ae9-4399-b529-3042e80f3ad9,,1700.0,,,,Boulanger,FR,2026-08-24T05:06:17Z,,,,,,
TCL,"TCL TV RGB TCL 85RM9L (2026) 85"" (216 cm) 4K - 144 Hz, Google TV, système sonore Bang & Olufsen",https://www.boulanger.com/ref/1240529,85.0,4999.0,,,,Boulanger,FR,2026-08-24T05:06:17Z,,,,,,
TCL,"TCL TV Mini LED TCL 65C89K (2025) 65"" (164 cm) 4K Ultra HD - 144Hz, Google TV, système sonore Bang & Olufsen",https://www.boulanger.com/ref/1221058,65.0,899.0,,,,Boulanger,FR,2026-08-24T05:06:17Z,,,,,,
TCL,"TCL TV Mini LED TCL 98C79L (2026) 98"" (248 cm)",https://www.boulanger.com/ref/1238874,98.0,2599.0,,,,Boulanger,FR,2026-08-24T05:06:17Z,,,,,,
TCL,"TCL TV QLED TCL 32S5L (2026) 32"" (81 cm)",https://www.boulanger.com/ref/1240573,32.0,229.0,,,,Boulanger,FR,2026-08-24T05:06:17Z,,,,,,
TCL,"TCL TV Mini LED TCL 75C89L (2026) 75"" (189 cm) - 144Hz, système sonore Bang & Olufsen",https://www.boulanger.com/ref/1238871,75.0,1899.0,,,,Boulanger,FR,2026-08-24T05:06:17Z,,,,,,
TCL,"TCL TV Mini LED TCL 85C89L (2026) 85"" (215 cm)",https://www.boulanger.com/ref/1238820,85.0,2799.0,,,,Boulanger,FR,2026-08-24T05:06:17Z,,,,,,
TCL,"TCL TV Mini LED TCL 75C79L (2026) 75"" (189 cm) 4K - Expérience Gaming, 144Hz, système sonore Bang & Olufsen",https://www.boulanger.com/ref/1238876,75.0,1599.0,,,,Boulanger,FR,2026-08-24T05:06:17Z,,,,,,
TCL,"TCL TV Mini LED TCL 50C79K (2025) 50"" (126 cm) - Google TV",https://www.boulanger.com/ref/1221020,50.0,749.0,,,,Boulanger,FR,2026-08-24T05:06:17Z,,,,,,
TCL,"TCL TV Mini LED TCL 65P89L (2026) 65"" (165 cm)",https://www.boulanger.com/ref/1240583,65.0,899.0,,,,Boulanger,FR,2026-08-24T05:06:17Z,,,,,,
TCL,"TCL TV QLED TCL 40S5L (2026) 40"" (102 cm)",https://www.boulanger.com/ref/1240574,40.0,299.99,,,,Boulanger,FR,2026-08-24T05:06:17Z,,,,,,
TCL,"TCL TV QLED TCL 43S5L (2026) 43"" (109 cm)",https://www.boulanger.com/ref/1240575,43.0,329.0,,,,Boulanger,FR,2026-08-24T05:06:17Z,,,,,,
TCL,"TCL TV Mini LED TCL 55A400 PRO (2026) 55"" (140 cm)",https://www.boulanger.com/ref/1240592,55.0,999.0,,,,Boulanger,FR,2026-08-24T05:06:17Z,,,,,,
TCL,"TCL TV Mini LED TCL 85C79L (2026) 85"" (215 cm) - Expérience Gaming, 144Hz, système sonore Bang & Olufsen",https://www.boulanger.com/ref/1238875,85.0,1999.0,,,,Boulanger,FR,2026-08-24T05:06:17Z,,,,,,
TCL,"Exclusivité internet  TCL TV Mini LED TCL 50C69K (2026) 50"" (126 cm)",https://www.boulanger.com/ref/1221019,50.0,598.99,,,,Boulanger,FR,2026-08-24T05:06:17Z,,,,,,
TCL,"TCL TV Mini LED TCL 65C69K PRO (2026) 65"" (165 cm)",https://www.boulanger.com/ref/1240586,65.0,899.0,,,,Boulanger,FR,2026-08-24T05:06:17Z,,,,,,
TCL,"TCL TV QLED TCL 50S5L (2026) 50"" (127 cm)",https://www.boulanger.com/ref/1240576,50.0,399.0,,,,Boulanger,FR,2026-08-24T05:06:17Z,,,,,,
TCL,"TCL TV Mini LED TCL 75A400U (2026) 75"" (191 cm)",https://www.boulanger.com/ref/1240601,75.0,1599.0,,,,Boulanger,FR,2026-08-24T05:06:17Z,,,,,,
TCL,"TCL TV QLED TCL 65T69C (2026) 65"" (165 cm)",https://www.boulanger.com/ref/1240651,65.0,699.0,,,,Boulanger,FR,2026-08-24T05:06:17Z,,,,,,
TCL,"TCL TV QLED TCL 85P79L (2026) 85"" (216 cm) 4K",https://www.boulanger.com/ref/1240582,85.0,1399.0,,,,Boulanger,FR,2026-08-24T05:06:17Z,,,,,,
TCL,"TCL TV Mini LED TCL 65A400 PRO (2026) 65"" (165 cm)",https://www.boulanger.com/ref/1240593,65.0,1199.0,,,,Boulanger,FR,2026-08-24T05:06:17Z,,,,,,
TCL,"TCL TV QLED TCL 75P79L (2026) 75"" (191 cm)",https://www.boulanger.com/ref/1240581,75.0,999.0,,,,Boulanger,FR,2026-08-24T05:06:17Z,,,,,,
TCL,"TCL TV QLED TCL 43T69C (2026) 43"" (109 cm)",https://www.boulanger.com/ref/1240647,43.0,399.99,,,,Boulanger,FR,2026-08-24T05:06:17Z,,,,,,
TCL,"TCL TV QLED TCL 65T6C (2026) 65"" (165 cm)",https://www.boulanger.com/ref/1240652,65.0,694.91,,,,Boulanger,FR,2026-08-24T05:06:17Z,,,,,,
TCL,"TCL TV LED TCL 43A400 PRO (2026) 43"" (109 cm)",https://www.boulanger.com/ref/1240590,43.0,699.0,,,,Boulanger,FR,2026-08-24T05:06:17Z,,,,,,
TCL,"TCL TV QLED TCL 50P79L (2026) 50"" (127 cm)",https://www.boulanger.com/ref/1240578,50.0,549.0,,,,Boulanger,FR,2026-08-24T05:06:17Z,,,,,,
TCL,"TCL TV QLED TCL 55T6C (2026) 55"" (140 cm)",https://www.boulanger.com/ref/1240649,55.0,499.0,,,,Boulanger,FR,2026-08-24T05:06:17Z,,,,,,
TCL,"TCL TV QLED TCL 43P79L (2026) 43"" (109 cm)",https://www.boulanger.com/ref/1240577,43.0,449.0,,,,Boulanger,FR,2026-08-24T05:06:17Z,,,,,,
TCL,"TCL TV QLED TCL 50T69C (2026) 50"" (127 cm)",https://www.boulanger.com/ref/1240648,50.0,469.0,,,,Boulanger,FR,2026-08-24T05:06:17Z,,,,,,
TCL,"TCL TV QLED TCL 32A400 PRO (2026) 32"" (80 cm) - Mode art (effet tableau)",https://www.boulanger.com/ref/1240589,32.0,499.0,,,,Boulanger,FR,2026-08-24T05:06:17Z,,,,,,
TCL,"TCL TV LED TCL 43V6D (2026) 43"" (109 cm)",https://www.boulanger.com/ref/1240161,43.0,399.0,,,,Boulanger,FR,2026-08-24T05:06:17Z,,,,,,
TCL,"TCL TV LED TCL 50V6D (2026) 50"" (127 cm)",https://www.boulanger.com/ref/1240162,50.0,449.0,,,,Boulanger,FR,2026-08-24T05:06:17Z,,,,,,
TCL,"TCL TV LED TCL 55P6L (2026) 55"" (140 cm)",https://www.boulanger.com/ref/1240163,55.0,499.0,,,,Boulanger,FR,2026-08-24T05:06:17Z,,,,,,
TCL,"TCL TV QLED TCL 55P79L (2026) 55"" (140 cm)",https://www.boulanger.com/ref/1240579,55.0,649.0,,,,Boulanger,FR,2026-08-24T05:06:17Z,,,,,,
TCL,"TCL TV QLED TCL 65P79L (2026) 65"" (165 cm)",https://www.boulanger.com/ref/1240580,65.0,799.0,,,,Boulanger,FR,2026-08-24T05:06:17Z,,,,,,
TCL,"TCL TV LED TCL 75P6L (2026) 75"" (191 cm)",https://www.boulanger.com/ref/1240165,75.0,799.0,,,,Boulanger,FR,2026-08-24T05:06:17Z,,,,,,
TCL,"TCL TV Mini LED TCL 55A400U (2026) 55"" (140 cm)",https://www.boulanger.com/ref/1240597,55.0,849.0,,,,Boulanger,FR,2026-08-24T05:06:17Z,,,,,,
TCL,"TCL TV Mini LED TCL 55C79L (2026) 55"" (139 cm)",https://www.boulanger.com/ref/1238878,55.0,899.0,,,,Boulanger,FR,2026-08-24T05:06:17Z,,,,,,
TCL,"TCL TV Mini LED TCL 65A400U (2026) 65"" (165 cm)",https://www.boulanger.com/ref/1240598,65.0,1199.0,,,,Boulanger,FR,2026-08-24T05:06:17Z,,,,,,
TCL,"TCL TV Mini LED TCL 75C69K PRO (2026) 75"" (191 cm)",https://www.boulanger.com/ref/1240587,75.0,1299.0,,,,Boulanger,FR,2026-08-24T05:06:17Z,,,,,,
TCL,"TCL TV Mini LED TCL 75A400 PRO (2026) 75"" (191 cm) - 144Hz, Mode art (effet tableau)",https://www.boulanger.com/ref/1240594,75.0,1699.0,,,,Boulanger,FR,2026-08-24T05:06:17Z,,,,,,
TCL,"TCL TV Mini LED TCL 85A400 PRO (2026) 85"" (216 cm)",https://www.boulanger.com/ref/1240595,85.0,1999.0,,,,Boulanger,FR,2026-08-24T05:06:17Z,,,,,,
TCL,"TCL TV Mini LED TCL 85A400U (2026) 85"" (216 cm)",https://www.boulanger.com/ref/1240602,85.0,1999.0,,,,Boulanger,FR,2026-08-24T05:06:17Z,,,,,,
TCL,"Exclusivité internet  TCL TV Mini LED TCL 98A400U (2026) 98"" (249 cm)",https://www.boulanger.com/ref/1240604,98.0,2599.0,,,,Boulanger,FR,2026-08-24T05:06:17Z,,,,,,
TCL,"Exclusivité internet  TCL TV Mini LED TCL 98A400 PRO (2026) 98"" (249 cm)",https://www.boulanger.com/ref/1240596,98.0,2699.0,,,,Boulanger,FR,2026-08-24T05:06:17Z,,,,,,
TCL,"TCL TV Mini LED TCL 98C89L (2026) 98"" (248 cm) - 144 Hz, système sonore Bang & Olufsen",https://www.boulanger.com/ref/1238819,98.0,3799.0,,,,Boulanger,FR,2026-08-24T05:06:17Z,,,,,,
TCL,"TCL TV Mini LED TCL 85X11L (2026) 85"" (215 cm) 4K",https://www.boulanger.com/ref/1238817,85.0,5499.0,,,,Boulanger,FR,2026-08-24T05:06:17Z,,,,,,
TCL,"Exclusivité internet  TCL TV RGB TCL 98RM9L (2026) 98"" (249 cm)",https://www.boulanger.com/ref/1240530,98.0,6999.0,,,,Boulanger,FR,2026-08-24T05:06:17Z,,,,,,
TCL,"TCL TV Mini LED TCL 98X11L (2026) 98"" (248 cm)",https://www.boulanger.com/ref/1238816,98.0,7999.0,,,,Boulanger,FR,2026-08-24T05:06:17Z,,,,,,
TCL,"TCL TV Mini LED TCL 115C7K (2025) 115"" (291 cm)",https://www.boulanger.com/ref/1221056,115.0,8999.0,,,,Boulanger,FR,2026-08-24T05:06:17Z,,,,,,
TCL,"TCL TV Mini LED TCL 115X955MAX (2026) 115"" (291 cm)",https://www.boulanger.com/ref/1202943,115.0,12999.0,,,,Boulanger,FR,2026-08-24T05:06:17Z,,,,,,
TCL,"TCL TV RGB TCL 115RM9L (2026) 115"" (291 cm)",https://www.boulanger.com/ref/1240572,115.0,12999.0,,,,Boulanger,FR,2026-08-24T05:06:17Z,,,,,,
TCL,Exclusivité internet  TCL TV QLED TCL NXTVISION 65A300W-65 pouces (164cm),https://www.boulanger.com/ref/1211410,65.0,799.99,,,,Boulanger,FR,2026-08-24T05:06:17Z,,,,,,
TCL,Exclusivité internet  TCL TV QLED TCL NXTVISION 75A300W-75 pouces (189cm),https://www.boulanger.com/ref/1211412,75.0,999.99,,,,Boulanger,FR,2026-08-24T05:06:17Z,,,,,,
TCL,Exclusivité internet  TCL TV QLED TCL NXTVISION 75A300 PRO-75 pouces (189cm),https://www.boulanger.com/ref/1211414,75.0,1099.99,,,,Boulanger,FR,2026-08-24T05:06:17Z,,,,,,
TCL,TCL TV QLED TCL NXTVISION 65A300 PRO-65 pouces (164cm),https://www.boulanger.com/ref/1211411,65.0,1166.68,,,,Boulanger,FR,2026-08-24T05:06:17Z,,,,,,
TCL,"Exclusivité internet  TCL TV QLED TCL 98P89K (2025) 98"" (248 cm) 4K Ultra HD - Expérience Gaming, 144Hz, Google TV",https://www.boulanger.com/ref/1218991,98.0,1695.33,,,,Boulanger,FR,2026-08-24T05:06:17Z,,,,,,
TCL,"TCL TV Mini LED TCL 85C69K PRO (2026) 85"" (216 cm) - Expérience Gaming, 144Hz, Google TV",https://www.boulanger.com/ref/1240588,85.0,1843.38,,,,Boulanger,FR,2026-08-24T05:06:17Z,,,,,,
TCL,TCL TV QLED TCL 43P79K 2025,https://www.boulanger.com/ref/1218981,,309.0,,,,Boulanger,FR,2026-08-24T05:06:17Z,,,,,,
TCL,"TCL TV QLED TCL 55T69C (2026) 55"" (140 cm)",https://www.boulanger.com/ref/1240650,55.0,449.0,,,,Boulanger,FR,2026-08-24T05:06:17Z,,,,,,
TCL,"TCL TV Mini LED TCL 98C79K (2025) 98"" (248 cm) 4K - 144Hz, Google TV, système sonore Bang & Olufsen",https://www.boulanger.com/ref/1221051,98.0,2592.61,,,,Boulanger,FR,2026-08-24T05:06:17Z,,,,,,
TCL,Exclusivité internet  TCL TV LED TCL 65P69K 2025-65 pouces (164cm),https://www.boulanger.com/ref/1224197,65.0,576.12,,,,Boulanger,FR,2026-08-24T05:06:17Z,,,,,,
TCL,TCL TV QLED TCL NXTVISION 55A300W-55 pouces (139cm),https://www.boulanger.com/ref/1211406,55.0,636.38,,,,Boulanger,FR,2026-08-24T05:06:17Z,,,,,,
TCL,TCL TV QLED TCL 32S59K 2025-32 pouces (80cm),https://www.boulanger.com/ref/1224191,32.0,199.0,,,,Boulanger,FR,2026-08-24T05:06:17Z,,,,,,
TCL,TCL TV QLED TCL 50P79K 2025,https://www.boulanger.com/ref/1218982,,556.86,,,,Boulanger,FR,2026-08-24T05:06:17Z,,,,,,
TCL,"TCL TV LED TCL 4K UHD 43"" 109cm",https://www.boulanger.com/ref/9000988246,43.0,276.39,,,,Boulanger,FR,2026-08-24T05:06:17Z,,,,,,
TCL,TCL TV LED TCL 43P735,https://www.boulanger.com/ref/1176886,,370.73,,,,Boulanger,FR,2026-08-24T05:06:17Z,,,,,,
TCL,TCL TV LED TCL 50P638,https://www.boulanger.com/ref/1182845,,400.43,,,,Boulanger,FR,2026-08-24T05:06:17Z,,,,,,
TCL,Exclusivité internet  TCL TV LED TCL 43P69K 2025 - 43 pouces ( 108 cm ),https://www.boulanger.com/ref/1228145,43.0,426.11,,,,Boulanger,FR,2026-08-24T05:06:17Z,,,,,,
TCL,TCL TV LED TCL 50P735,https://www.boulanger.com/ref/1177493,,455.46,,,,Boulanger,FR,2026-08-24T05:06:17Z,,,,,,
TCL,TCL TV QLED TCL 55P79K 2025,https://www.boulanger.com/ref/1218983,,461.05,,,,Boulanger,FR,2026-08-24T05:06:17Z,,,,,,
TCL,TCL TV QLED TCL 55P89K 144Hz 2025-55 pouces (139cm),https://www.boulanger.com/ref/1218987,55.0,525.59,,,,Boulanger,FR,2026-08-24T05:06:17Z,,,,,,
TCL,Exclusivité internet  TCL TV QLED TCL 65P79K 2025,https://www.boulanger.com/ref/1218984,,590.5,,,,Boulanger,FR,2026-08-24T05:06:17Z,,,,,,
TCL,Exclusivité internet  TCL TV LED TCL 55P69K 2025-55 pouces (139cm),https://www.boulanger.com/ref/1224196,55.0,612.24,,,,Boulanger,FR,2026-08-24T05:06:17Z,,,,,,
TCL,Exclusivité internet  TCL TV QLED TCL 75P79K 2025 - 75 pouces ( 189 cm ),https://www.boulanger.com/ref/1218985,75.0,803.13,,,,Boulanger,FR,2026-08-24T05:06:17Z,,,,,,
TCL,Exclusivité internet  TCL TV QLED TCL 75P89K 144Hz 2025-75 pouces (189cm),https://www.boulanger.com/ref/1218989,75.0,887.66,,,,Boulanger,FR,2026-08-24T05:06:17Z,,,,,,
TCL,Exclusivité internet  TCL TV QLED TCL 85P79K 2025 - 85 pouces ( 215 cm ),https://www.boulanger.com/ref/1218986,85.0,1071.58,,,,Boulanger,FR,2026-08-24T05:06:17Z,,,,,,
TCL,"TCL TV Mini LED TCL 65C9K (2025) 65"" (164 cm)",https://www.boulanger.com/ref/1221063,65.0,1129.0,,,,Boulanger,FR,2026-08-24T05:06:17Z,,,,,,
TCL,Exclusivité internet  TCL TV Mini LED TCL 75C79K 2025 - 75 pouces ( 189 cm ),https://www.boulanger.com/ref/1221007,75.0,1389.92,,,,Boulanger,FR,2026-08-24T05:06:17Z,,,,,,
TCL,TCL TV Mini LED TCL 85C9K 2025-85 pouces (215cm),https://www.boulanger.com/ref/1221065,85.0,2694.41,,,,Boulanger,FR,2026-08-24T05:06:17Z,,,,,,
TCL,TCL TV QLED TCL Mini LED 85X955,https://www.boulanger.com/ref/1193149,,4993.93,,,,Boulanger,FR,2026-08-24T05:06:17Z,,,,,,
TCL,TCL TV QLED TCL Mini LED 98C955,https://www.boulanger.com/ref/1193145,,6363.48,,,,Boulanger,FR,2026-08-24T05:06:17Z,,,,,,
TCL,"TCL TV Mini LED TCL 55C89K (2025) 55"" (139 cm)",https://www.boulanger.com/ref/1221057,55.0,699.0,,,,Boulanger,FR,2026-08-24T05:06:17Z,,,,,,
TCL,"TCL TV Mini LED TCL 65C69K (2025) 65"" (164 cm) Ultra HD - Google TV, système sonore ONKYO",https://www.boulanger.com/ref/1218993,65.0,649.0,,,,Boulanger,FR,2026-08-24T05:06:17Z,,,,,,
LG,"LG TV OLED LG 55C6 (2026) 55"" (139 cm)",https://www.boulanger.com/ref/1239897,55.0,1499.0,,,,Boulanger,FR,2026-08-24T05:06:17Z,,,,,,
LG,"LG TV Mini LED LG 65QNED71B (2026) 65"" (164 cm) 4K Ultra HD - Smart TV",https://www.boulanger.com/ref/1239872,65.0,629.0,,,,Boulanger,FR,2026-08-24T05:06:17Z,,,,,,
LG,"LG TV OLED LG 77C5 (2025) 77"" (195 cm) - Expérience Gaming, 120Hz, Smart TV",https://www.boulanger.com/ref/1220723,77.0,1799.0,,,,Boulanger,FR,2026-08-24T05:06:17Z,,,,,,
LG,"LG TV OLED LG 42C5 (2025) 42"" (106 cm) 4K Ultra HD - 120Hz, Smart TV",https://www.boulanger.com/ref/1220719,42.0,829.0,,,,Boulanger,FR,2026-08-24T05:06:17Z,,,,,,
LG,"LG TV LED LG 65QNED86A (2025) 65"" (164 cm) 4K Ultra HD - 120Hz, Smart TV",https://www.boulanger.com/ref/1220715,65.0,749.0,,,,Boulanger,FR,2026-08-24T05:06:17Z,,,,,,
LG,"LG TV OLED LG 65C6 (2026) 65"" (164 cm) 4K Ultra HD - Expérience Cinéma & Gaming, 120Hz, Smart TV",https://www.boulanger.com/ref/1239935,65.0,1999.0,,,,Boulanger,FR,2026-08-24T05:06:17Z,,,,,,
LG,"LG TV OLED LG 77C6 (2026) 77"" (195 cm)",https://www.boulanger.com/ref/1239937,77.0,2799.0,,,,Boulanger,FR,2026-08-24T05:06:17Z,,,,,,
LG,"LG TV OLED LG 55G6 (2026) 55"" (139 cm) 4K Ultra HD - Expérience Cinéma & Gaming, 120Hz, Smart TV, anti-reflet",https://www.boulanger.com/ref/1239930,55.0,1899.0,,,,Boulanger,FR,2026-08-24T05:06:17Z,,,,,,
LG,"Exclusivité internet  LG TV LED LG 27LB70006LA (2026) 27"" (69 cm)",https://www.boulanger.com/ref/1240874,27.0,199.0,,,,Boulanger,FR,2026-08-24T05:06:17Z,,,,,,
LG,"LG TV LED LG 65NU850B6 (2026) 65"" (164 cm) 4K Ultra HD - Smart TV",https://www.boulanger.com/ref/1239871,65.0,649.0,,,,Boulanger,FR,2026-08-24T05:06:17Z,,,,,,
LG,"LG TV OLED LG 83G6 (2026) 83"" (210 cm)",https://www.boulanger.com/ref/1239981,83.0,4999.0,,,,Boulanger,FR,2026-08-24T05:06:17Z,,,,,,
LG,"LG TV Mini LED LG 65QNED86B (2026) 65"" (164 cm) 4K Ultra HD - 120Hz, Smart TV",https://www.boulanger.com/ref/1239873,65.0,999.0,,,,Boulanger,FR,2026-08-24T05:06:17Z,,,,,,
LG,"LG TV OLED LG 77G6 (2026) 77"" (195 cm)",https://www.boulanger.com/ref/1239938,77.0,3890.0,,,,Boulanger,FR,2026-08-24T05:06:17Z,,,,,,
LG,"LG TV OLED LG 42C6 (2026) 42"" (106 cm) 4K Ultra HD - Expérience Gaming, 120Hz, Smart TV",https://www.boulanger.com/ref/1239829,42.0,1099.0,,,,Boulanger,FR,2026-08-24T05:06:17Z,,,,,,
LG,"LG TV Mini LED LG 43QNED86B (2026) 43"" (108 cm)",https://www.boulanger.com/ref/1239787,43.0,499.0,,,,Boulanger,FR,2026-08-24T05:06:17Z,,,,,,
LG,"LG TV Mini LED LG 55QNED71B (2026) 55"" (140 cm) 4K",https://www.boulanger.com/ref/1239843,55.0,549.0,,,,Boulanger,FR,2026-08-24T05:06:17Z,,,,,,
LG,"LG TV LED LG StanbyME 2 Max 32LX6 (2026) 32"" (80 cm) - Smart TV",https://www.boulanger.com/ref/1243899,32.0,1399.0,,,,Boulanger,FR,2026-08-24T05:06:17Z,,,,,,
LG,"LG TV LED LG 24LB70006LA (2026) 24"" (60 cm)",https://www.boulanger.com/ref/1240873,24.0,179.0,,,,Boulanger,FR,2026-08-24T05:06:17Z,,,,,,
LG,"LG TV LED LG 55QNED86A (2025) 55"" (139 cm) 4K Ultra HD - 120Hz, Smart TV",https://www.boulanger.com/ref/1220712,55.0,599.0,,,,Boulanger,FR,2026-08-24T05:06:17Z,,,,,,
LG,"LG TV LED LG 55NU850B6 (2026) 55"" (139 cm) 4K Ultra HD",https://www.boulanger.com/ref/1239841,55.0,499.0,,,,Boulanger,FR,2026-08-24T05:06:17Z,,,,,,
LG,"LG TV Mini LED LG 86QNED86B (2026) 86"" (215 cm) 4K Ultra HD - Expérience Gaming, 120Hz, Smart TV",https://www.boulanger.com/ref/1239877,86.0,1899.0,,,,Boulanger,FR,2026-08-24T05:06:17Z,,,,,,
LG,LG TV LED LG StanbyME 2 27LX6 (68cm),https://www.boulanger.com/ref/1227662,27,899.0,,,,Boulanger,FR,2026-08-24T05:06:17Z,,,,,,
LG,"LG TV OLED LG 48G6 (2026) 48"" (121 cm) 4K Ultra HD - Expérience Cinéma & Gaming, 120Hz, Smart TV",https://www.boulanger.com/ref/1239896,48.0,1599.0,,,,Boulanger,FR,2026-08-24T05:06:17Z,,,,,,
LG,"LG TV LED LG 43NU850B6 (2026) 43"" (108 cm) 4K Ultra HD - Smart TV",https://www.boulanger.com/ref/1239785,43.0,399.0,,,,Boulanger,FR,2026-08-24T05:06:17Z,,,,,,
LG,"LG TV Mini LED LG 75QNED86B (2026) 75"" (189 cm)",https://www.boulanger.com/ref/1239875,75.0,1299.0,,,,Boulanger,FR,2026-08-24T05:06:17Z,,,,,,
LG,"LG TV Mini LED LG 50QNED71B (2026) 50"" (127 cm)",https://www.boulanger.com/ref/1239789,50.0,449.0,,,,Boulanger,FR,2026-08-24T05:06:17Z,,,,,,
LG,"LG TV LED LG 50NU850B6 (2026) 50"" (127 cm)",https://www.boulanger.com/ref/1239788,50.0,449.0,,,,Boulanger,FR,2026-08-24T05:06:17Z,,,,,,
LG,"LG TV Mini LED LG 55QNED86B (2026) 55"" (139 cm)",https://www.boulanger.com/ref/1239859,55.0,799.0,,,,Boulanger,FR,2026-08-24T05:06:17Z,,,,,,
LG,LG TV OLED LG 65C1 2021 Reconditionné,https://www.boulanger.com/ref/1232222?offer=989fc7d1-4990-41ae-b7a5-5fe3890b7384,,699.0,,,,Boulanger,FR,2026-08-24T05:06:17Z,,,,,,
LG,"LG TV RGB LG 50MRGB86B6 (2026) 50"" (127 cm)",https://www.boulanger.com/ref/1240875,50.0,799.0,,,,Boulanger,FR,2026-08-24T05:06:17Z,,,,,,
LG,LG TV OLED LG OLED55C2 2022 Reconditionné,https://www.boulanger.com/ref/1231844?offer=b3750896-ffbd-4327-abeb-a2bcc7041f20,,1049.0,,,,Boulanger,FR,2026-08-24T05:06:17Z,,,,,,
LG,"LG TV Mini LED LG Gallery 55LX7B6LA (2026) 55"" (139 cm)",https://www.boulanger.com/ref/1243897,55.0,1199.0,,,,Boulanger,FR,2026-08-24T05:06:17Z,,,,,,
LG,"LG TV RGB LG 65MRGB86B6 (2026) 65"" (164 cm)",https://www.boulanger.com/ref/1240877,65.0,1199.0,,,,Boulanger,FR,2026-08-24T05:06:17Z,,,,,,
LG,"LG TV LED LG 85NU850B6 (2026) 85"" (215 cm)",https://www.boulanger.com/ref/1239876,85.0,1299.0,,,,Boulanger,FR,2026-08-24T05:06:17Z,,,,,,
LG,"LG TV Mini LED LG Gallery 65LX7B6LA (2026) 65"" (164 cm)",https://www.boulanger.com/ref/1243898,65.0,1399.0,,,,Boulanger,FR,2026-08-24T05:06:17Z,,,,,,
LG,"LG TV RGB LG 75MRGB86B6 75"" (189 cm) 4K UHD - 120Hz, Smart TV",https://www.boulanger.com/ref/1240878,75.0,1499.0,,,,Boulanger,FR,2026-08-24T05:06:17Z,,,,,,
LG,LG TV OLED LG OLED65G4 Reconditionné,https://www.boulanger.com/ref/1234227?offer=0fbc047d-d729-4597-81a2-a9e16527bfb5,,1999.0,,,,Boulanger,FR,2026-08-24T05:06:17Z,,,,,,
LG,"LG TV OLED LG 77G5 (2025) 77"" (195 cm) 4K Ultra HD - 120Hz, Smart TV",https://www.boulanger.com/ref/1220583,77.0,2499.0,,,,Boulanger,FR,2026-08-24T05:06:17Z,,,,,,
LG,"LG TV Mini LED LG 100QNED87B (2026) 100"" (254 cm)",https://www.boulanger.com/ref/1239784,100.0,3499.0,,,,Boulanger,FR,2026-08-24T05:06:17Z,,,,,,
LG,"LG TV OLED LG 83C6 (2026) 83"" (210 cm)",https://www.boulanger.com/ref/1239940,83.0,4499.0,,,,Boulanger,FR,2026-08-24T05:06:17Z,,,,,,
LG,"LG TV OLED LG 77W6 (2026) 77"" (195 cm) 4K Ultra HD - Expérience Cinéma & Gaming, boîtier déporté (câble invisible)",https://www.boulanger.com/ref/1242836,77.0,4949.0,,,,Boulanger,FR,2026-08-24T05:06:17Z,,,,,,
LG,"LG TV RGB LG 75MRGB96B6 75"" (189 cm) 4K UHD - Expérience Cinéma & Gaming, 120Hz, Smart TV",https://www.boulanger.com/ref/1240879,75.0,4999.0,,,,Boulanger,FR,2026-08-24T05:06:17Z,,,,,,
LG,LG TV LED LG 98QNED89T 2024,https://www.boulanger.com/ref/1204483,,4999.0,,,,Boulanger,FR,2026-08-24T05:06:17Z,,,,,,
LG,"LG TV OLED LG 83W6 (2026) 83"" (210 cm) 4K Ultra HD - Expérience Cinéma & Gaming, boîtier déporté (câble invisible)",https://www.boulanger.com/ref/1242837,83.0,5999.0,,,,Boulanger,FR,2026-08-24T05:06:17Z,,,,,,
LG,"LG TV RGB LG 86MRGB96B6 (2026) 86"" (217 cm) 4K UHD - Expérience Cinéma & Gaming, 120Hz, Smart TV",https://www.boulanger.com/ref/1240880,86.0,6999.0,,,,Boulanger,FR,2026-08-24T05:06:17Z,,,,,,
LG,"LG TV RGB LG 100MRGB96B6 (2026) 100"" (253 cm) 4K Ultra HD - Expérience Cinéma & Gaming, 120Hz, Smart TV",https://www.boulanger.com/ref/1240881,100.0,9999.0,,,,Boulanger,FR,2026-08-24T05:06:17Z,,,,,,
LG,LG TV OLED LG 97G5 2025 (245cm),https://www.boulanger.com/ref/1220767,96,21999.0,,,,Boulanger,FR,2026-08-24T05:06:17Z,,,,,,
LG,LG TV OLED LG 97M5 2025 (245cm),https://www.boulanger.com/ref/1220762,96,25999.0,,,,Boulanger,FR,2026-08-24T05:06:17Z,,,,,,
LG,"LG TV OLED LG 77T4 (2025) 77"" (195 cm) 4K Ultra HD - 120Hz",https://www.boulanger.com/ref/1222709,77.0,49999.0,,,,Boulanger,FR,2026-08-24T05:06:17Z,,,,,,
LG,LG TV Mini LED LG 75QNED93A 2025 (189cm),https://www.boulanger.com/ref/1220689,74,1169.99,,,,Boulanger,FR,2026-08-24T05:06:17Z,,,,,,
LG,"LG TV OLED LG 83C5 (2025) 83"" (210 cm)",https://www.boulanger.com/ref/1220724,83.0,2259.0,,,,Boulanger,FR,2026-08-24T05:06:17Z,,,,,,
LG,"LG TV OLED LG 55C5 (2025) 55"" (139 cm) 4K Ultra HD - 120Hz, Smart TV",https://www.boulanger.com/ref/1220721,55.0,1199.0,,,,Boulanger,FR,2026-08-24T05:06:17Z,,,,,,
LG,LG TV OLED LG sans pied OLED65G5,https://www.boulanger.com/ref/9000941112,,1679.0,,,,Boulanger,FR,2026-08-24T05:06:17Z,,,,,,
LG,"LG TV LED LG 75NU850B6 (2026) 75"" (189 cm)",https://www.boulanger.com/ref/1239874,75.0,776.96,,,,Boulanger,FR,2026-08-24T05:06:17Z,,,,,,
LG,Exclusivité internet  LG TV LED LG 43UA75 2025 (108cm),https://www.boulanger.com/ref/1220660,43,289.0,,,,Boulanger,FR,2026-08-24T05:06:17Z,,,,,,
LG,LG TV OLED LG 48G5 2025 (121cm),https://www.boulanger.com/ref/1220765,48,989.0,,,,Boulanger,FR,2026-08-24T05:06:17Z,,,,,,
LG,LG TV LED LG 55QNED70A 2025 (139cm),https://www.boulanger.com/ref/1224047,55,419.0,,,,Boulanger,FR,2026-08-24T05:06:17Z,,,,,,
LG,LG TV LED LG 24TQ510S-24 pouces (60cm),https://www.boulanger.com/ref/1178520,24.0,204.5,,,,Boulanger,FR,2026-08-24T05:06:17Z,,,,,,
LG,Exclusivité internet  LG TV LED LG 86UA75 2025 (217cm),https://www.boulanger.com/ref/1220646,85,949.0,,,,Boulanger,FR,2026-08-24T05:06:17Z,,,,,,
LG,LG TV LED LG NANOCELL Gamme NANO81A,https://www.boulanger.com/ref/9000995333,,439.98,,,,Boulanger,FR,2026-08-24T05:06:17Z,,,,,,
LG,LG TV LED LG 32LQ63006 2024,https://www.boulanger.com/ref/9000560931,,209.76,,,,Boulanger,FR,2026-08-24T05:06:17Z,,,,,,
LG,LG TV LED LG 24TQ520S,https://www.boulanger.com/ref/1178051,,205.4,,,,Boulanger,FR,2026-08-24T05:06:17Z,,,,,,
LG,Exclusivité internet  LG TV LED LG 27TQ615S-27 pouces (69cm),https://www.boulanger.com/ref/1205048,27.0,237.18,,,,Boulanger,FR,2026-08-24T05:06:17Z,,,,,,
LG,Exclusivité internet  LG TV LED LG 32LQ630B,https://www.boulanger.com/ref/1175708,,256.69,,,,Boulanger,FR,2026-08-24T05:06:17Z,,,,,,
LG,LG TV LED LG 43UR78,https://www.boulanger.com/ref/1190204,,320.0,,,,Boulanger,FR,2026-08-24T05:06:17Z,,,,,,
LG,LG TV LED LG 43QNED70A 2025 (108cm),https://www.boulanger.com/ref/1224199,43,371.46,,,,Boulanger,FR,2026-08-24T05:06:17Z,,,,,,
LG,LG TV LED LG 43QNED84A 2025 (108cm),https://www.boulanger.com/ref/1220647,43,471.87,,,,Boulanger,FR,2026-08-24T05:06:17Z,,,,,,
LG,LG TV LED LG 43UQ7690,https://www.boulanger.com/ref/1177220,,475.37,,,,Boulanger,FR,2026-08-24T05:06:17Z,,,,,,
LG,Exclusivité internet  LG TV LED LG 50UA75 2025 (126cm),https://www.boulanger.com/ref/1220678,50,530.72,,,,Boulanger,FR,2026-08-24T05:06:17Z,,,,,,
LG,LG TV LED LG QNED AI 4K 55'' (139cm) Smart TV,https://www.boulanger.com/ref/9001058874,55.0,534.9,,,,Boulanger,FR,2026-08-24T05:06:17Z,,,,,,
LG,LG TV LED LG 65UA75 2025 (164cm),https://www.boulanger.com/ref/1220691,65,663.73,,,,Boulanger,FR,2026-08-24T05:06:17Z,,,,,,
LG,LG TV LED LG 50UR78,https://www.boulanger.com/ref/1190207,,714.52,,,,Boulanger,FR,2026-08-24T05:06:17Z,,,,,,
LG,LG TV LED LG Mini LED QNED UHD 4K 65''(164cm),https://www.boulanger.com/ref/9001058875,65.0,779.99,,,,Boulanger,FR,2026-08-24T05:06:17Z,,,,,,
LG,LG TV LED LG 50QNED80T 2024,https://www.boulanger.com/ref/1204455,,895.68,,,,Boulanger,FR,2026-08-24T05:06:17Z,,,,,,
LG,Exclusivité internet  LG TV LED LG 75UA75 2025 (189cm),https://www.boulanger.com/ref/1220645,74,900.62,,,,Boulanger,FR,2026-08-24T05:06:17Z,,,,,,
LG,LG TV OLED LG 48C3,https://www.boulanger.com/ref/1190238,,1161.55,,,,Boulanger,FR,2026-08-24T05:06:17Z,,,,,,
LG,LG TV Mini LED LG 55QNED93A 2025 (139cm),https://www.boulanger.com/ref/1220713,55,1328.13,,,,Boulanger,FR,2026-08-24T05:06:17Z,,,,,,
LG,LG TV OLED LG sans pied OLED55G5,https://www.boulanger.com/ref/9000941111,,1441.23,,,,Boulanger,FR,2026-08-24T05:06:17Z,,,,,,
LG,LG TV OLED LG 65B5 2025 (164cm),https://www.boulanger.com/ref/1220751,65,1482.32,,,,Boulanger,FR,2026-08-24T05:06:17Z,,,,,,
LG,"LG TV OLED LG 65C5 (2025) 65"" (164 cm) 4K Ultra HD - 120Hz, Smart TV",https://www.boulanger.com/ref/1220722,65.0,1790.93,,,,Boulanger,FR,2026-08-24T05:06:17Z,,,,,,
LG,LG TV OLED LG 55G6 avec support mural,https://www.boulanger.com/ref/9001040822,,1890.0,,,,Boulanger,FR,2026-08-24T05:06:17Z,,,,,,
LG,LG TV OLED LG 65G6 avec support mural,https://www.boulanger.com/ref/9001040825,,2790.0,,,,Boulanger,FR,2026-08-24T05:06:17Z,,,,,,
LG,LG TV OLED LG OLED77B3 2023,https://www.boulanger.com/ref/1190255,,2996.73,,,,Boulanger,FR,2026-08-24T05:06:17Z,,,,,,
LG,LG TV OLED LG OLED77C3,https://www.boulanger.com/ref/1190256,,3606.16,,,,Boulanger,FR,2026-08-24T05:06:17Z,,,,,,
LG,LG TV OLED LG OLED83G3,https://www.boulanger.com/ref/1190259,,7424.41,,,,Boulanger,FR,2026-08-24T05:06:17Z,,,,,,
LG,"LG TV OLED LG 48C5 (2025) 48"" (121 cm) 4K Ultra HD",https://www.boulanger.com/ref/1220720,48.0,849.0,,,,Boulanger,FR,2026-08-24T05:06:17Z,,,,,,
LG,"LG TV LED LG 65QNED84A (2025) 65"" (164 cm) 4K",https://www.boulanger.com/ref/1220714,65.0,629.0,,,,Boulanger,FR,2026-08-24T05:06:17Z,,,,,,
LG,"LG TV LED LG 55UA75 (2025) 55"" (139 cm) 4K",https://www.boulanger.com/ref/1220679,55.0,499.0,,,,Boulanger,FR,2026-08-24T05:06:17Z,,,,,,
LG,"LG TV LED LG 50QNED86A (2025) 50"" (126 cm) 4K",https://www.boulanger.com/ref/1220650,50.0,549.0,,,,Boulanger,FR,2026-08-24T05:06:17Z,,,,,,
LG,"LG TV OLED LG 55G5 (2025) 55"" (139 cm) 4K Ultra HD - 120Hz, Smart TV",https://www.boulanger.com/ref/1220581,55.0,1449.0,,,,Boulanger,FR,2026-08-24T05:06:17Z,,,,,,
LG,LG TV OLED LG OLED42C2 Reconditionné,https://www.boulanger.com/ref/1232204?offer=1a79c8fb-1632-40b7-98e4-e543b08f6147,,399.0,,,,Boulanger,FR,2026-08-24T05:06:17Z,,,,,,
LG,LG TV OLED LG OLED48C2 2022 Reconditionné,https://www.boulanger.com/ref/1234232?offer=5fd126c0-b58d-475b-adf6-40795d6310d5,,499.0,,,,Boulanger,FR,2026-08-24T05:06:17Z,,,,,,
LG,LG TV LED LG MiniLed 65QNED87 Reconditionné,https://www.boulanger.com/ref/1233618?offer=a6136c7c-18c4-4b22-bfcf-5ee0a78685a7,,549.0,,,,Boulanger,FR,2026-08-24T05:06:17Z,,,,,,
LG,LG TV OLED LG OLED42C3 Reconditionné,https://www.boulanger.com/ref/1234486?offer=60b85592-beba-490e-a2d7-ba444181998c,,599.0,,,,Boulanger,FR,2026-08-24T05:06:17Z,,,,,,
LG,LG TV OLED LG 65A1 2021 Reconditionné,https://www.boulanger.com/ref/1235994?offer=133c093d-69a0-4c4e-a7d6-2351b948d8b4,,599.0,,,,Boulanger,FR,2026-08-24T05:06:17Z,,,,,,
LG,LG TV OLED LG 55B1 2021 Reconditionné,https://www.boulanger.com/ref/1235974?offer=ef7dea0d-4aff-4903-bc1f-2d58799d31d8,,649.0,,,,Boulanger,FR,2026-08-24T05:06:17Z,,,,,,
LG,LG TV OLED LG OLED48C3 Reconditionné,https://www.boulanger.com/ref/1234487?offer=3bf2d77d-d53c-4fb5-a3d1-fe73955cebc7,,699.0,,,,Boulanger,FR,2026-08-24T05:06:17Z,,,,,,
LG,LG TV OLED LG OLED65CS Reconditionné,https://www.boulanger.com/ref/1238669?offer=d449465f-9d4a-4249-a36e-8d6c9f6ae6cd,,700.0,,,,Boulanger,FR,2026-08-24T05:06:17Z,,,,,,
LG,LG TV OLED LG 55C1 2021 Reconditionné,https://www.boulanger.com/ref/1231843?offer=e1b8fc7f-b6d6-42b3-bebd-257fa8876a7e,,705.0,,,,Boulanger,FR,2026-08-24T05:06:17Z,,,,,,
LG,LG TV OLED LG OLED55C2 2022 Reconditionné,https://www.boulanger.com/ref/1236064?offer=4e505358-db0f-4b5f-9e1c-9ca259a8c79f,,849.0,,,,Boulanger,FR,2026-08-24T05:06:17Z,,,,,,
LG,LG TV OLED LG OLED55G3 Reconditionné,https://www.boulanger.com/ref/1236012?offer=523117cf-3542-4ed6-b01d-6e99269a5513,,999.0,,,,Boulanger,FR,2026-08-24T05:06:17Z,,,,,,
LG,LG reconditionné LG OLED65G2 2022 Reconditionné,https://www.boulanger.com/ref/1231662?offer=eff66536-f811-45be-ac30-3ac805bc71a1,,1099.0,,,,Boulanger,FR,2026-08-24T05:06:17Z,,,,,,
LG,LG TV OLED LG 77C1 2021 Reconditionné,https://www.boulanger.com/ref/1236825?offer=5d8ab2a4-30c2-4077-8414-05acb3dbf05d,,1149.0,,,,Boulanger,FR,2026-08-24T05:06:17Z,,,,,,
LG,LG TV OLED LG OLED77C2 2022 Reconditionné,https://www.boulanger.com/ref/1241914?offer=b8d3da06-e023-4533-beab-de4fd4b5e12e,,1199.0,,,,Boulanger,FR,2026-08-24T05:06:17Z,,,,,,
LG,LG TV OLED LG OLED65C3 Reconditionné,https://www.boulanger.com/ref/1234190?offer=86baab8e-98bf-49f9-9ab0-3a028fc9d61e,,1199.0,,,,Boulanger,FR,2026-08-24T05:06:17Z,,,,,,
LG,"LG TV OLED LG 65C5 (2025) 65"" (164 cm) 4K Ultra HD - 120Hz, Smart TV Reconditionné",https://www.boulanger.com/ref/1235889?offer=2ee9ee70-e825-4d27-8b5f-f747544f0072,65.0,1199.0,,,,Boulanger,FR,2026-08-24T05:06:17Z,,,,,,
LG,LG TV OLED LG OLED65G3 Reconditionné,https://www.boulanger.com/ref/1243520?offer=e79a3a15-14a8-4af1-a783-d06facf4229f,,1200.0,,,,Boulanger,FR,2026-08-24T05:06:17Z,,,,,,
LG,LG TV OLED LG OLED65C4 Reconditionné,https://www.boulanger.com/ref/1234566?offer=16d57ded-f5df-4240-88dd-ae96eb2960b1,,1299.0,,,,Boulanger,FR,2026-08-24T05:06:17Z,,,,,,
LG,LG TV OLED LG OLED77G4 Reconditionné,https://www.boulanger.com/ref/1243529?offer=7fe0474a-a21b-4a6c-bcba-dbf0cfe3f018,,2499.0,,,,Boulanger,FR,2026-08-24T05:06:17Z,,,,,,
Hisense,"HISENSE TV QLED HISENSE 65E7S (2026) 65"" (164 cm) 4K",https://www.boulanger.com/ref/1240331,65.0,579.0,,,,Boulanger,FR,2026-08-24T05:06:17Z,,,,,,
Hisense,"HISENSE TV QLED HISENSE 32A5S (2026) 32"" (80 cm) - Smart TV",https://www.boulanger.com/ref/1240354,32.0,229.0,,,,Boulanger,FR,2026-08-24T05:06:17Z,,,,,,
Hisense,"HISENSE TV QLED HISENSE 75E79Q PRO (2025) 75"" (189 cm) 4K Ultra HD - 144Hz, Smart TV",https://www.boulanger.com/ref/1222638,75.0,849.0,,,,Boulanger,FR,2026-08-24T05:06:17Z,,,,,,
Hisense,"HISENSE TV QLED HISENSE 65E79Q PRO (2025) 65"" (164 cm) 4K Ultra HD - 144Hz, Smart TV",https://www.boulanger.com/ref/1222700,65.0,599.0,,,,Boulanger,FR,2026-08-24T05:06:17Z,,,,,,
Hisense,"HISENSE TV Mini LED HISENSE 65U7S PRO (2026) 65"" (164 cm)",https://www.boulanger.com/ref/1240216,65.0,999.0,,,,Boulanger,FR,2026-08-24T05:06:17Z,,,,,,
Hisense,"HISENSE TV QLED HISENSE 50E7S (2026) 50"" (126 cm) 4K",https://www.boulanger.com/ref/1240357,50.0,399.0,,,,Boulanger,FR,2026-08-24T05:06:17Z,,,,,,
Hisense,"HISENSE TV Mini LED HISENSE 100U7Q (2025) 100"" (254 cm)",https://www.boulanger.com/ref/1222660,100.0,1990.0,,,,Boulanger,FR,2026-08-24T05:06:17Z,,,,,,
Hisense,"HISENSE TV QLED HISENSE 100E7Q PRO (2025) 100"" (253 cm)",https://www.boulanger.com/ref/1222657,100.0,1790.0,,,,Boulanger,FR,2026-08-24T05:06:17Z,,,,,,
Hisense,"HISENSE TV RGB HISENSE 65UR9S (2026) 65"" (164 cm)",https://www.boulanger.com/ref/1239171,65.0,1699.0,,,,Boulanger,FR,2026-08-24T05:06:17Z,,,,,,
Hisense,"HISENSE TV QLED HISENSE 65A7S (2026) 65"" (164 cm)",https://www.boulanger.com/ref/1240339,65.0,649.0,,,,Boulanger,FR,2026-08-24T05:06:17Z,,,,,,
Hisense,"HISENSE TV Mini LED HISENSE 50U7SE (2026) 50"" (126 cm)",https://www.boulanger.com/ref/1240361,50.0,599.0,,,,Boulanger,FR,2026-08-24T05:06:17Z,,,,,,
Hisense,"Exclusivité internet  HISENSE TV QLED HISENSE 32S5Q (2025) 32"" (81 cm)",https://www.boulanger.com/ref/1233536,32.0,251.99,,,,Boulanger,FR,2026-08-24T05:06:17Z,,,,,,
Hisense,"HISENSE TV RGB HISENSE 55UR8S (2026) 55"" (139 cm) 4K Ultra HD - Expérience Gaming, 180Hz, Smart TV, anti-reflet",https://www.boulanger.com/ref/1240215,55.0,999.0,,,,Boulanger,FR,2026-08-24T05:06:17Z,,,,,,
Hisense,"HISENSE TV Mini LED HISENSE 65U7SE (2026) 65"" (164 cm)",https://www.boulanger.com/ref/1240351,65.0,799.0,,,,Boulanger,FR,2026-08-24T05:06:17Z,,,,,,
Hisense,"HISENSE TV QLED HISENSE 65E7S PRO (2026) 65"" (164 cm)",https://www.boulanger.com/ref/1240335,65.0,699.0,,,,Boulanger,FR,2026-08-24T05:06:17Z,,,,,,
Hisense,"HISENSE TV QLED HISENSE 58E7S (2026) 58"" (146 cm)",https://www.boulanger.com/ref/1240358,58.0,499.0,,,,Boulanger,FR,2026-08-24T05:06:17Z,,,,,,
Hisense,"HISENSE TV QLED HISENSE 50A7S (2026) 50"" (126 cm)",https://www.boulanger.com/ref/1240360,50.0,499.0,,,,Boulanger,FR,2026-08-24T05:06:17Z,,,,,,
Hisense,"HISENSE TV QLED HISENSE 55E7S (2026) 55"" (139 cm)",https://www.boulanger.com/ref/1240220,55.0,449.0,,,,Boulanger,FR,2026-08-24T05:06:17Z,,,,,,
Hisense,"HISENSE TV QLED HISENSE 43A7S (2026) 43"" (108 cm)",https://www.boulanger.com/ref/1240359,43.0,399.0,,,,Boulanger,FR,2026-08-24T05:06:17Z,,,,,,
Hisense,"HISENSE TV RGB HISENSE 75UR9S (2026) 75"" (189 cm) 4K Ultra HD - Expérience Gaming, 180Hz, anti-reflet",https://www.boulanger.com/ref/1239172,75.0,1999.0,,,,Boulanger,FR,2026-08-24T05:06:17Z,,,,,,
Hisense,"HISENSE TV QLED HISENSE 43E7S (2026) 43"" (108 cm)",https://www.boulanger.com/ref/1240356,43.0,369.0,,,,Boulanger,FR,2026-08-24T05:06:17Z,,,,,,
Hisense,"HISENSE TV QLED HISENSE 55A7S (2026) 55"" (139 cm)",https://www.boulanger.com/ref/1240338,55.0,499.0,,,,Boulanger,FR,2026-08-24T05:06:17Z,,,,,,
Hisense,"HISENSE TV QLED HISENSE 55E7S PRO (2026) 55"" (139 cm) 4K - 144Hz, Smart TV",https://www.boulanger.com/ref/1240334,55.0,599.0,,,,Boulanger,FR,2026-08-24T05:06:17Z,,,,,,
Hisense,"HISENSE TV Mini LED HISENSE 55U7SE (2026) 55"" (139 cm)",https://www.boulanger.com/ref/1240340,55.0,649.0,,,,Boulanger,FR,2026-08-24T05:06:17Z,,,,,,
Hisense,"HISENSE TV QLED HISENSE 75E7S (2026) 75"" (189 cm)",https://www.boulanger.com/ref/1240332,75.0,799.0,,,,Boulanger,FR,2026-08-24T05:06:17Z,,,,,,
Hisense,"HISENSE TV Mini LED HISENSE 55U7S PRO (2026) 55"" (139 cm)",https://www.boulanger.com/ref/1240214,55.0,799.0,,,,Boulanger,FR,2026-08-24T05:06:17Z,,,,,,
Hisense,"HISENSE TV QLED HISENSE 75E7S PRO (2026) 75"" (189 cm) 4K - 144Hz",https://www.boulanger.com/ref/1240336,75.0,999.0,,,,Boulanger,FR,2026-08-24T05:06:17Z,,,,,,
Hisense,"HISENSE TV QLED HISENSE 85E7S (2026) 85"" (215 cm) 4K - Smart TV, anti-reflet",https://www.boulanger.com/ref/1240333,85.0,1021.52,,,,Boulanger,FR,2026-08-24T05:06:17Z,,,,,,
Hisense,"HISENSE TV RGB HISENSE 65UR8S (2026) 65"" (164 cm)",https://www.boulanger.com/ref/1240217,65.0,1299.0,,,,Boulanger,FR,2026-08-24T05:06:17Z,,,,,,
Hisense,"HISENSE TV Mini LED HISENSE 75U7S PRO (2026) 75"" (189 cm) 4K - Expérience Gaming, 165Hz, anti-reflet",https://www.boulanger.com/ref/1240218,75.0,1299.0,,,,Boulanger,FR,2026-08-24T05:06:17Z,,,,,,
Hisense,"HISENSE TV Mini LED HISENSE 85U7S PRO (2026) 85"" (215 cm)",https://www.boulanger.com/ref/1240219,85.0,1699.0,,,,Boulanger,FR,2026-08-24T05:06:17Z,,,,,,
Hisense,"HISENSE TV Mini LED HISENSE 75UR8S (2026) 75"" (189 cm)",https://www.boulanger.com/ref/1240658,75.0,1799.0,,,,Boulanger,FR,2026-08-24T05:06:17Z,,,,,,
Hisense,"HISENSE TV RGB HISENSE 85UR8S (2026) 85"" (215 cm)",https://www.boulanger.com/ref/1240659,85.0,2499.0,,,,Boulanger,FR,2026-08-24T05:06:17Z,,,,,,
Hisense,"HISENSE TV RGB HISENSE 85UR9S (2026) 85"" (215 cm)",https://www.boulanger.com/ref/1239173,85.0,2799.0,,,,Boulanger,FR,2026-08-24T05:06:17Z,,,,,,
Hisense,"HISENSE TV RGB HISENSE 100UR8S (2026) 100"" (253 cm)",https://www.boulanger.com/ref/1244317,100.0,4990.0,,,,Boulanger,FR,2026-08-24T05:06:17Z,,,,,,
Hisense,"HISENSE TV RGB HISENSE 100UXQ (2025) 100"" (253 cm)",https://www.boulanger.com/ref/1229416,100.0,7999.0,,,,Boulanger,FR,2026-08-24T05:06:17Z,,,,,,
Hisense,"HISENSE TV RGB HISENSE 116UXQ (2025) 116"" (293 cm)",https://www.boulanger.com/ref/1229418,116.0,9999.0,,,,Boulanger,FR,2026-08-24T05:06:17Z,,,,,,
Hisense,"HISENSE TV QLED HISENSE 85E7S PRO (2026) 85"" (215 cm) 4K - 144Hz",https://www.boulanger.com/ref/1240337,85.0,1369.93,,,,Boulanger,FR,2026-08-24T05:06:17Z,,,,,,
Hisense,"HISENSE TV Mini LED HISENSE 75U7SE (2026) 75"" (189 cm)",https://www.boulanger.com/ref/1240352,75.0,1177.89,,,,Boulanger,FR,2026-08-24T05:06:17Z,,,,,,
Hisense,HISENSE TV LED HISENSE 32A5Q 2025 (80cm),https://www.boulanger.com/ref/1222713,31,169.0,,,,Boulanger,FR,2026-08-24T05:06:17Z,,,,,,
Hisense,HISENSE TV Mini LED HISENSE 85U8Q 2025-85 pouces (215cm),https://www.boulanger.com/ref/1222748,85.0,1499.0,,,,Boulanger,FR,2026-08-24T05:06:17Z,,,,,,
Hisense,"HISENSE TV QLED HISENSE 40A5S (2026) 40"" (100 cm) - Smart TV",https://www.boulanger.com/ref/1240355,40.0,312.8,,,,Boulanger,FR,2026-08-24T05:06:17Z,,,,,,
Hisense,Exclusivité internet  HISENSE TV LED HISENSE 50A6Q 2025 (126cm),https://www.boulanger.com/ref/1222722,50,489.63,,,,Boulanger,FR,2026-08-24T05:06:17Z,,,,,,
Hisense,HISENSE TV LED HISENSE 58A6S,https://www.boulanger.com/ref/9001057732,,379.0,,,,Boulanger,FR,2026-08-24T05:06:17Z,,,,,,
Hisense,HISENSE TV LED HISENSE 32A49K,https://www.boulanger.com/ref/1195009,,213.41,,,,Boulanger,FR,2026-08-24T05:06:17Z,,,,,,
Hisense,Exclusivité internet  HISENSE TV LED HISENSE 40A5Q 2025 (100cm),https://www.boulanger.com/ref/1222715,39,314.99,,,,Boulanger,FR,2026-08-24T05:06:17Z,,,,,,
Hisense,HISENSE TV LED HISENSE 58A6K 2023,https://www.boulanger.com/ref/1191447,,478.37,,,,Boulanger,FR,2026-08-24T05:06:17Z,,,,,,
Hisense,HISENSE TV QLED HISENSE 55E7Q 2025 (139cm),https://www.boulanger.com/ref/1222693,55,564.19,,,,Boulanger,FR,2026-08-24T05:06:17Z,,,,,,
Hisense,Exclusivité internet  HISENSE TV QLED HISENSE 65E7KQ,https://www.boulanger.com/ref/1192701,,564.62,,,,Boulanger,FR,2026-08-24T05:06:17Z,,,,,,
Hisense,HISENSE TV QLED HISENSE 43E7Q 2025 (108 cm),https://www.boulanger.com/ref/1222720,43,565.7,,,,Boulanger,FR,2026-08-24T05:06:17Z,,,,,,
Hisense,Exclusivité internet  HISENSE TV QLED HISENSE 55A7Q 2025-55 pouces (139cm),https://www.boulanger.com/ref/1222732,55.0,591.66,,,,Boulanger,FR,2026-08-24T05:06:17Z,,,,,,
Hisense,"HISENSE TV QLED HISENSE 65A7Q (2025) 65"" (164 cm) 4K Ultra HD - Smart TV, caisson de basses intégré",https://www.boulanger.com/ref/1222699,65.0,744.08,,,,Boulanger,FR,2026-08-24T05:06:17Z,,,,,,
Hisense,Exclusivité internet  HISENSE TV LED HISENSE 55A6Q 2025-55 pouces (139cm),https://www.boulanger.com/ref/1222725,55.0,772.42,,,,Boulanger,FR,2026-08-24T05:06:17Z,,,,,,
Hisense,Exclusivité internet  HISENSE TV LED HISENSE 65A6Q 2025 (164cm),https://www.boulanger.com/ref/1222698,65,791.43,,,,Boulanger,FR,2026-08-24T05:06:17Z,,,,,,
Hisense,Exclusivité internet  HISENSE TV LED HISENSE 58A6Q 2025 (146cm),https://www.boulanger.com/ref/1222696,57,830.07,,,,Boulanger,FR,2026-08-24T05:06:17Z,,,,,,
Hisense,Exclusivité internet  HISENSE TV Mini LED HISENSE 55U7Q 2025 - 55 pouces ( 139 cm ),https://www.boulanger.com/ref/1229414,55.0,888.43,,,,Boulanger,FR,2026-08-24T05:06:17Z,,,,,,
Hisense,HISENSE TV QLED HISENSE 65E7Q 2025-65 pouces (164cm),https://www.boulanger.com/ref/1222751,65.0,897.54,,,,Boulanger,FR,2026-08-24T05:06:17Z,,,,,,
Hisense,HISENSE TV QLED HISENSE 75E7KQ PRO,https://www.boulanger.com/ref/1191449,,1060.58,,,,Boulanger,FR,2026-08-24T05:06:17Z,,,,,,
Hisense,HISENSE TV QLED HISENSE 75E7Q 2025 (189cm),https://www.boulanger.com/ref/1222639,74,1210.58,,,,Boulanger,FR,2026-08-24T05:06:17Z,,,,,,
Hisense,Exclusivité internet  HISENSE TV LED HISENSE 75A6Q 2025 (189cm),https://www.boulanger.com/ref/1222637,74,1329.0,,,,Boulanger,FR,2026-08-24T05:06:17Z,,,,,,
Hisense,"HISENSE TV Mini LED HISENSE 55U8Q (2025) 55"" (139 cm)",https://www.boulanger.com/ref/1222695,55.0,1422.77,,,,Boulanger,FR,2026-08-24T05:06:17Z,,,,,,
Hisense,"HISENSE TV Mini LED HISENSE 85U7SE (2026) 85"" (215 cm) 4K - 144Hz",https://www.boulanger.com/ref/1240353,85.0,1434.02,,,,Boulanger,FR,2026-08-24T05:06:17Z,,,,,,
Hisense,HISENSE TV QLED HISENSE Mini Led 75U9GQ,https://www.boulanger.com/ref/1172539,,2121.56,,,,Boulanger,FR,2026-08-24T05:06:17Z,,,,,,
Hisense,HISENSE TV QLED HISENSE MiniLED 85UXKQ 2023,https://www.boulanger.com/ref/1197449,,5954.27,,,,Boulanger,FR,2026-08-24T05:06:17Z,,,,,,
Hisense,HISENSE TV QLED HISENSE 110UXNQ (280cm),https://www.boulanger.com/ref/1215542,110,7990.0,,,,Boulanger,FR,2026-08-24T05:06:17Z,,,,,,
Hisense,Exclusivité internet  HISENSE TV LED HISENSE 43A6N 2024,https://www.boulanger.com/ref/1204636,,339.97,,,,Boulanger,FR,2026-08-24T05:06:17Z,,,,,,
Hisense,"HISENSE TV Mini LED HISENSE 55U7Q PRO (2025) 55"" (139 cm) 4K Ultra HD - Expérience Gaming, 165Hz, anti-reflet",https://www.boulanger.com/ref/1222694,55.0,649.0,,,,Boulanger,FR,2026-08-24T05:06:17Z,,,,,,
Hisense,"HISENSE TV Mini LED HISENSE 65U8Q (2025) 65"" (164 cm) 4K - Expérience Gaming, 165Hz, anti-reflet",https://www.boulanger.com/ref/1222636,65.0,899.0,,,,Boulanger,FR,2026-08-24T05:06:17Z,,,,,,
Hisense,"HISENSE TV QLED HISENSE 55E79Q PRO (2025) 55"" (139 cm) 4K Ultra HD - 144Hz, Smart TV",https://www.boulanger.com/ref/1222485,55.0,479.0,,,,Boulanger,FR,2026-08-24T05:06:17Z,,,,,,
Hisense,"Exclusivité internet  HISENSE TV Mini LED HISENSE 100U7S PRO (2026) 100"" (253 cm)",https://www.boulanger.com/ref/1244372,100.0,2998.99,,,,Boulanger,FR,2026-08-24T05:06:17Z,,,,,,
Sony,"SONY TV RGB SONY 65 BRAVIA 7 II (2026) 65"" (164 cm) 4K - True RGB (ultra lumineux), 120Hz, Google TV",https://www.boulanger.com/ref/1241551,65.0,1799.0,,,,Boulanger,FR,2026-08-24T05:06:17Z,,,,,,
Sony,"SONY TV LED SONY 50 BRAVIA 3 II (2026) 50"" (126 cm) 4K - 120Hz, Google TV",https://www.boulanger.com/ref/1241940,50.0,699.0,,,,Boulanger,FR,2026-08-24T05:06:17Z,,,,,,
Sony,"SONY TV LED SONY 43 BRAVIA 3 II (2026) 43"" (108 cm) - 120Hz, Google TV",https://www.boulanger.com/ref/1241938,43.0,649.0,,,,Boulanger,FR,2026-08-24T05:06:17Z,,,,,,
Sony,"SONY TV LED SONY 65 BRAVIA 3 II (2026) 65"" (164 cm) 4K - 120Hz, Google TV, anti-reflet",https://www.boulanger.com/ref/1241953,65.0,1099.0,,,,Boulanger,FR,2026-08-24T05:06:17Z,,,,,,
Sony,"SONY TV LED SONY 55 BRAVIA 3 II (2026) 55"" (139 cm) 4K - 120Hz, Google TV",https://www.boulanger.com/ref/1241951,55.0,799.0,,,,Boulanger,FR,2026-08-24T05:06:17Z,,,,,,
Sony,"SONY TV LED SONY KD32W800P1 (2026) 32"" (80 cm)",https://www.boulanger.com/ref/1187547,32.0,369.0,,,,Boulanger,FR,2026-08-24T05:06:17Z,,,,,,
Sony,"SONY TV LED SONY 55 BRAVIA 2 II (2026) 55"" (139 cm) 4K - Google TV",https://www.boulanger.com/ref/1241538,55.0,699.0,,,,Boulanger,FR,2026-08-24T05:06:17Z,,,,,,
Sony,"SONY TV RGB SONY 75 BRAVIA 9 II (2026) 75"" (189 cm) 4K - True RGB (ultra lumineux), 120Hz, Google TV, anti-reflet",https://www.boulanger.com/ref/1241554,75.0,3499.0,,,,Boulanger,FR,2026-08-24T05:06:17Z,,,,,,
Sony,"SONY TV LED SONY 75 BRAVIA 3 II (2026) 75"" (189 cm) 4K - 120Hz, Google TV, anti-reflet",https://www.boulanger.com/ref/1241952,75.0,1399.0,,,,Boulanger,FR,2026-08-24T05:06:17Z,,,,,,
Sony,"SONY TV LED SONY 43 BRAVIA 2 II (2026) 43"" (108 cm) 4K - Google TV",https://www.boulanger.com/ref/1241536,43.0,599.0,,,,Boulanger,FR,2026-08-24T05:06:17Z,,,,,,
Sony,"SONY TV LED SONY 100 BRAVIA 3 II (2026) 100"" (253 cm) 4K - 120Hz, Google TV",https://www.boulanger.com/ref/1241954,100.0,2499.0,,,,Boulanger,FR,2026-08-24T05:06:17Z,,,,,,
Sony,"SONY TV LED SONY 50 BRAVIA 2 II (2026) 50"" (126 cm) 4K - Google TV",https://www.boulanger.com/ref/1241537,50.0,649.0,,,,Boulanger,FR,2026-08-24T05:06:17Z,,,,,,
Sony,"SONY TV LED SONY 85 BRAVIA 3 II (2026) 85"" (215 cm) 4K - Google TV",https://www.boulanger.com/ref/1242983,85.0,1999.0,,,,Boulanger,FR,2026-08-24T05:06:17Z,,,,,,
Sony,"SONY TV RGB SONY 75 BRAVIA 7 II (2026) 75"" (189 cm) 4K - True RGB (ultra lumineux), 120Hz, Google TV",https://www.boulanger.com/ref/1242053,75.0,2499.0,,,,Boulanger,FR,2026-08-24T05:06:17Z,,,,,,
Sony,"SONY TV RGB SONY 85 BRAVIA 7 II (2026) 85"" (215 cm) 4K - True RGB (ultra lumineux), 120Hz, Google TV",https://www.boulanger.com/ref/1242054,85.0,3599.0,,,,Boulanger,FR,2026-08-24T05:06:17Z,,,,,,
Sony,"SONY TV RGB SONY 85 BRAVIA 9 II (2026) 85"" (215 cm) 4K - True RGB (ultra lumineux), 120Hz, Google TV, anti-reflet",https://www.boulanger.com/ref/1242056,85.0,4999.0,,,,Boulanger,FR,2026-08-24T05:06:17Z,,,,,,
Sony,"SONY TV RGB SONY 98 BRAVIA 7 II (2026) 98"" (248 cm) 4K - True RGB (ultra lumineux), 120Hz, Google TV",https://www.boulanger.com/ref/1242055,98.0,5999.0,,,,Boulanger,FR,2026-08-24T05:06:17Z,,,,,,
Sony,"SONY TV RGB SONY 115 BRAVIA 9 II (2026) 115"" (291 cm) - True RGB (ultra lumineux), 120Hz, Google TV",https://www.boulanger.com/ref/1242057,115.0,19999.0,,,,Boulanger,FR,2026-08-24T05:06:17Z,,,,,,
Sony,"SONY TV RGB SONY 55 BRAVIA 7 II (2026) 55"" (139 cm) - True RGB (ultra lumineux), 120Hz, Google TV",https://www.boulanger.com/ref/1241540,55.0,1899.0,,,,Boulanger,FR,2026-08-24T05:06:17Z,,,,,,
Sony,SONY TV OLED SONY 77BRAVIA8 (195cm),https://www.boulanger.com/ref/1206128,77,3926.47,,,,Boulanger,FR,2026-08-24T05:06:17Z,,,,,,
Sony,SONY TV LED SONY KD43X75WL,https://www.boulanger.com/ref/1191186,,409.0,,,,Boulanger,FR,2026-08-24T05:06:17Z,,,,,,
Sony,SONY TV LED SONY KD50X75WL Reconditionné,https://www.boulanger.com/ref/1191187?offer=0c5d37dc-1235-42e1-a635-688087764ca6,,468.87,,,,Boulanger,FR,2026-08-24T05:06:17Z,,,,,,
Sony,Exclusivité internet  SONY TV LED SONY KD43X80L,https://www.boulanger.com/ref/1189618,,656.66,,,,Boulanger,FR,2026-08-24T05:06:17Z,,,,,,
Sony,SONY TV LED SONY KD55X85L,https://www.boulanger.com/ref/1190893,,1102.42,,,,Boulanger,FR,2026-08-24T05:06:17Z,,,,,,
Sony,SONY TV LED SONY KD65X75WL,https://www.boulanger.com/ref/1191189,,1215.25,,,,Boulanger,FR,2026-08-24T05:06:17Z,,,,,,
Sony,SONY TV LED SONY KD65X85L,https://www.boulanger.com/ref/1190895,,1276.14,,,,Boulanger,FR,2026-08-24T05:06:17Z,,,,,,
Sony,SONY TV OLED SONY Bravia XR-55A90J Google TV,https://www.boulanger.com/ref/1159766,,1897.44,,,,Boulanger,FR,2026-08-24T05:06:17Z,,,,,,
Sony,SONY TV LED SONY XR85X90L,https://www.boulanger.com/ref/1190915,,2771.56,,,,Boulanger,FR,2026-08-24T05:06:17Z,,,,,,
Sony,"SONY TV OLED SONY 65 BRAVIA 8 Acoustic Surface (2025) 65"" (164 cm) 4K - Expérience Cinéma & Gaming, Google TV",https://www.boulanger.com/ref/1227654,65.0,1499.0,,,,Boulanger,FR,2026-08-24T05:06:17Z,,,,,,
Sony,"SONY TV LED SONY 43BRAVIA3 (2025) 43"" (108 cm) 4K - Google TV",https://www.boulanger.com/ref/1222023,43.0,499.0,,,,Boulanger,FR,2026-08-24T05:06:17Z,,,,,,
Sony,"SONY TV OLED SONY 55 BRAVIA 8 Acoustic Surface (2025) 55"" (139 cm) 4K - Expérience Cinéma & Gaming, Google TV",https://www.boulanger.com/ref/1227653,55.0,1199.0,,,,Boulanger,FR,2026-08-24T05:06:17Z,,,,,,
Sony,"SONY TV RGB SONY 65 BRAVIA 9 II (2026) 65"" (164 cm) 4K - True RGB (ultra lumineux), 120Hz, Google TV, anti-reflet",https://www.boulanger.com/ref/1241553,65.0,2999.0,,,,Boulanger,FR,2026-08-24T05:06:17Z,,,,,,
