RunId,HeadSha,LogLine,LogTimestampUTC,Reason,RawLogLine
30798390218,00bb29ba17e508a11ad5c496c4bd9b1945b7b96d,850,2026-08-03T08:48:19.7964187Z,并发 PDP 成功日志未重复输出商品名，无法可靠归属,monitor	UNKNOWN STEP	2026-08-03T08:48:19.7964187Z   [ok] GBP 259.0 (持平)
30798390218,00bb29ba17e508a11ad5c496c4bd9b1945b7b96d,895,2026-08-03T08:48:19.9773391Z,并发 PDP 成功日志未重复输出商品名，无法可靠归属,monitor	UNKNOWN STEP	2026-08-03T08:48:19.9773391Z   [ok] GBP 1199.0 (持平)
30798390218,00bb29ba17e508a11ad5c496c4bd9b1945b7b96d,1000,2026-08-03T08:48:25.5989908Z,并发 PDP 成功日志未重复输出商品名，无法可靠归属,monitor	UNKNOWN STEP	2026-08-03T08:48:25.5989908Z   [ok] GBP 899.0 (降价)
30798390218,00bb29ba17e508a11ad5c496c4bd9b1945b7b96d,1033,2026-08-03T08:48:25.8999611Z,并发 PDP 成功日志未重复输出商品名，无法可靠归属,monitor	UNKNOWN STEP	2026-08-03T08:48:25.8999611Z   [ok] GBP 1199.0 (持平)
30798390218,00bb29ba17e508a11ad5c496c4bd9b1945b7b96d,1042,2026-08-03T08:48:26.1112356Z,并发 PDP 成功日志未重复输出商品名，无法可靠归属,monitor	UNKNOWN STEP	2026-08-03T08:48:26.1112356Z   [ok] GBP 202.97 (持平)
30798390218,00bb29ba17e508a11ad5c496c4bd9b1945b7b96d,1069,2026-08-03T08:48:30.3120200Z,并发 PDP 成功日志未重复输出商品名，无法可靠归属,monitor	UNKNOWN STEP	2026-08-03T08:48:30.3120200Z   [ok] GBP 2489.0 (持平)
30798390218,00bb29ba17e508a11ad5c496c4bd9b1945b7b96d,1075,2026-08-03T08:48:31.3481712Z,并发 PDP 成功日志未重复输出商品名，无法可靠归属,monitor	UNKNOWN STEP	2026-08-03T08:48:31.3481712Z   [ok] GBP 1299.0 (持平)
30798390218,00bb29ba17e508a11ad5c496c4bd9b1945b7b96d,1222,2026-08-03T08:48:32.2023142Z,并发 PDP 成功日志未重复输出商品名，无法可靠归属,monitor	UNKNOWN STEP	2026-08-03T08:48:32.2023142Z   [ok] GBP 1099.0 (持平)
30798390218,00bb29ba17e508a11ad5c496c4bd9b1945b7b96d,1330,2026-08-03T08:48:34.8430150Z,并发 PDP 成功日志未重复输出商品名，无法可靠归属,monitor	UNKNOWN STEP	2026-08-03T08:48:34.8430150Z   [ok] GBP 449.0 (持平)
30798390218,00bb29ba17e508a11ad5c496c4bd9b1945b7b96d,1675,2026-08-03T08:48:36.4639764Z,并发 PDP 成功日志未重复输出商品名，无法可靠归属,monitor	UNKNOWN STEP	2026-08-03T08:48:36.4639764Z   [ok] GBP 1099.0 (持平)
30798390218,00bb29ba17e508a11ad5c496c4bd9b1945b7b96d,1714,2026-08-03T08:48:42.9123514Z,并发 PDP 成功日志未重复输出商品名，无法可靠归属,monitor	UNKNOWN STEP	2026-08-03T08:48:42.9123514Z   [ok] GBP 649.0 (持平)
30798390218,00bb29ba17e508a11ad5c496c4bd9b1945b7b96d,1732,2026-08-03T08:48:44.5586229Z,并发 PDP 成功日志未重复输出商品名，无法可靠归属,monitor	UNKNOWN STEP	2026-08-03T08:48:44.5586229Z   [ok] GBP 899.0 (持平)
30798390218,00bb29ba17e508a11ad5c496c4bd9b1945b7b96d,1735,2026-08-03T08:48:45.3357643Z,并发 PDP 成功日志未重复输出商品名，无法可靠归属,monitor	UNKNOWN STEP	2026-08-03T08:48:45.3357643Z   [ok] GBP 999.0 (持平)
30798390218,00bb29ba17e508a11ad5c496c4bd9b1945b7b96d,2920,2026-08-03T08:48:53.9024154Z,并发 PDP 成功日志未重复输出商品名，无法可靠归属,monitor	UNKNOWN STEP	2026-08-03T08:48:53.9024154Z   [ok] EUR 989.0 (持平)
